,fips,percent_cases,poverty_percent
0,1001,28.75,0.121
1,1003,22.23,0.10099999999999999
2,1005,26.81,0.271
3,1007,30.75,0.203
4,1009,27.11,0.163
5,1011,40.47,0.3
6,1013,30.89,0.21600000000000003
7,1015,30.12,0.172
8,1017,27.99,0.196
9,1019,17.72,0.159
10,1021,23.94,0.16
11,1023,14.73,0.226
12,1025,37.06,0.184
13,1027,29.85,0.166
14,1029,23.87,0.133
15,1031,25.27,0.15
16,1033,27.96,0.146
17,1035,25.45,0.222
18,1037,20.92,0.171
19,1039,28.36,0.172
20,1041,27.55,0.168
21,1043,27.16,0.122
22,1045,24.31,0.18100000000000002
23,1047,27.31,0.26
24,1049,31.38,0.182
25,1051,30.9,0.114
26,1053,29.51,0.205
27,1055,33.06,0.188
28,1057,30.31,0.17
29,1059,37.24,0.161
30,1061,22.76,0.161
31,1063,29.38,0.317
32,1065,37.65,0.205
33,1067,26.75,0.172
34,1069,24.37,0.19399999999999998
35,1071,32.01,0.147
36,1073,28.27,0.162
37,1075,25.16,0.153
38,1077,23.66,0.157
39,1079,21.23,0.177
40,1081,24.56,0.155
41,1083,23.95,0.12
42,1085,40.85,0.266
43,1087,23.26,0.293
44,1089,21.79,0.115
45,1091,33.59,0.248
46,1093,26.05,0.16899999999999998
47,1095,32.33,0.157
48,1097,24.44,0.177
49,1099,21.4,0.233
50,1101,28.64,0.158
51,1103,29.08,0.13699999999999998
52,1105,37.15,0.33899999999999997
53,1107,32.13,0.243
54,1109,25.49,0.218
55,1111,20.61,0.175
56,1113,19.53,0.18899999999999997
57,1115,25.8,0.11199999999999999
58,1117,25.84,0.062
59,1119,25.19,0.364
60,1121,24.84,0.174
61,1123,24.48,0.16
62,1125,31.72,0.162
63,1127,28.67,0.17300000000000001
64,1129,26.16,0.18600000000000003
65,1131,33.22,0.325
66,1133,28.47,0.16699999999999998
67,2013,18.32,0.14800000000000002
68,2016,23.41,0.076
69,2020,24.23,0.095
70,2050,43.86,0.235
71,2068,10.24,0.066
72,2070,9.94,0.18100000000000002
73,2090,17.67,0.07200000000000001
74,2100,2.8,0.098
75,2110,10.68,0.063
76,2122,17.79,0.10400000000000001
77,2130,7.52,0.094
78,2150,18.51,0.071
79,2158,31.85,0.268
80,2170,20.56,0.096
81,2180,8.68,0.207
82,2185,24.29,0.114
83,2188,19.09,0.24
84,2195,7.95,0.067
85,2198,4.06,0.17600000000000002
86,2220,9.58,0.081
87,2230,3.62,0.04
88,2240,19.4,0.12
89,2261,14.89,0.086
90,2275,4.38,0.09699999999999999
91,2290,15.67,0.244
92,4001,40.23,0.33399999999999996
93,4003,21.6,0.166
94,4005,31.78,0.159
95,4007,29.37,0.21100000000000002
96,4009,34.02,0.201
97,4011,13.47,0.09300000000000001
98,4012,27.65,0.221
99,4013,28.79,0.122
100,4015,23.81,0.16
101,4017,39.25,0.252
102,4019,25.67,0.14
103,4021,26.02,0.121
104,4023,45.18,0.188
105,4025,17.51,0.12
106,4027,46.81,0.204
107,5001,27.8,0.158
108,5003,23.18,0.185
109,5005,16.52,0.127
110,5007,24.37,0.08900000000000001
111,5009,23.31,0.151
112,5011,30.27,0.22899999999999998
113,5013,17.06,0.154
114,5015,24.11,0.147
115,5017,50.61,0.31
116,5019,24.5,0.20600000000000002
117,5021,28.22,0.187
118,5023,18.31,0.141
119,5025,27.01,0.13699999999999998
120,5027,25.07,0.212
121,5029,23.09,0.156
122,5031,29.98,0.16899999999999998
123,5033,25.65,0.183
124,5035,32.52,0.22399999999999998
125,5037,28.31,0.17800000000000002
126,5039,25.84,0.188
127,5041,28.18,0.254
128,5043,26.49,0.185
129,5045,23.16,0.14400000000000002
130,5047,21.91,0.162
131,5049,20.96,0.177
132,5051,22.96,0.16899999999999998
133,5053,20.21,0.121
134,5055,31.09,0.155
135,5057,21.2,0.185
136,5059,41.98,0.20199999999999999
137,5061,30.64,0.168
138,5063,24.98,0.159
139,5065,31.23,0.159
140,5067,51.75,0.22899999999999998
141,5069,37.16,0.244
142,5071,27.09,0.175
143,5073,19.25,0.255
144,5075,32.34,0.184
145,5077,73.29,0.354
146,5079,107.41,0.271
147,5081,24.23,0.17800000000000002
148,5083,24.25,0.174
149,5085,21.8,0.107
150,5087,21.26,0.16399999999999998
151,5089,13.43,0.163
152,5091,23.46,0.141
153,5093,36.08,0.23
154,5095,28.43,0.255
155,5097,19.04,0.19899999999999998
156,5099,25.08,0.24100000000000002
157,5101,23.33,0.18100000000000002
158,5103,21.32,0.17300000000000001
159,5105,16.97,0.165
160,5107,25.14,0.33299999999999996
161,5109,21.9,0.16899999999999998
162,5111,32.46,0.231
163,5113,22.03,0.20199999999999999
164,5115,31.69,0.16899999999999998
165,5117,25.14,0.15
166,5119,23.73,0.146
167,5121,27.82,0.17300000000000001
168,5123,47.39,0.32
169,5125,22.06,0.096
170,5127,20.45,0.196
171,5129,20.49,0.22399999999999998
172,5131,28.31,0.159
173,5133,45.51,0.177
174,5135,20.95,0.233
175,5137,19.71,0.193
176,5139,23.82,0.18899999999999997
177,5141,16.98,0.19899999999999998
178,5143,33.04,0.151
179,5145,22.43,0.154
180,5147,21.75,0.271
181,5149,42.24,0.156
182,6003,16.47,0.172
183,6005,21.12,0.098
184,6007,12.38,0.161
185,6009,9.68,0.121
186,6011,23.59,0.12
187,6013,13.47,0.079
188,6015,10.69,0.179
189,6017,10.76,0.087
190,6019,24.13,0.205
191,6021,22.47,0.121
192,6023,5.97,0.191
193,6025,44.46,0.22
194,6027,15.88,0.11699999999999999
195,6029,29.51,0.19
196,6031,41.73,0.16
197,6033,11.34,0.183
198,6035,56.01,0.165
199,6037,28.89,0.134
200,6039,25.37,0.17600000000000002
201,6041,14.96,0.069
202,6043,5.63,0.151
203,6045,10.76,0.14
204,6047,26.85,0.17
205,6049,11.85,0.205
206,6051,20.05,0.10099999999999999
207,6053,23.78,0.126
208,6055,15.89,0.07400000000000001
209,6057,9.62,0.094
210,6059,19.41,0.095
211,6061,12.09,0.066
212,6063,7.67,0.132
213,6065,27.63,0.113
214,6067,15.06,0.126
215,6069,21.52,0.10400000000000001
216,6071,31.12,0.133
217,6073,18.55,0.10300000000000001
218,6075,10.16,0.095
219,6077,22.45,0.136
220,6079,16.76,0.11599999999999999
221,6081,12.54,0.061
222,6083,18.32,0.12
223,6085,13.51,0.061
224,6087,12.95,0.106
225,6089,14.5,0.133
226,6091,3.68,0.127
227,6093,9.92,0.174
228,6095,16.6,0.09
229,6097,14.34,0.07200000000000001
230,6099,25.94,0.13
231,6101,21.75,0.128
232,6103,16.29,0.163
233,6105,5.72,0.165
234,6107,26.38,0.18899999999999997
235,6109,16.61,0.113
236,6111,20.53,0.08199999999999999
237,6113,14.55,0.16899999999999998
238,6115,17.68,0.152
239,8001,25.78,0.09300000000000001
240,8003,22.08,0.196
241,8005,20.33,0.07200000000000001
242,8007,12.42,0.10800000000000001
243,8009,18.08,0.193
244,8011,76.46,0.344
245,8013,15.93,0.107
246,8014,14.4,0.040999999999999995
247,8015,19.79,0.11
248,8017,16.1,0.13699999999999998
249,8019,9.85,0.07400000000000001
250,8021,14.0,0.19899999999999998
251,8023,12.68,0.24600000000000002
252,8025,149.97,0.4
253,8027,8.55,0.11800000000000001
254,8029,18.16,0.151
255,8031,22.98,0.121
256,8033,8.47,0.128
257,8035,16.11,0.027000000000000003
258,8037,25.04,0.079
259,8039,12.8,0.057
260,8041,19.63,0.08800000000000001
261,8043,32.75,0.161
262,8045,21.66,0.096
263,8047,7.52,0.068
264,8049,17.68,0.081
265,8051,18.67,0.11599999999999999
266,8053,5.48,0.08900000000000001
267,8055,11.79,0.2
268,8057,9.06,0.126
269,8059,17.23,0.07200000000000001
270,8061,14.01,0.135
271,8063,19.68,0.132
272,8065,20.22,0.114
273,8067,14.06,0.113
274,8069,15.04,0.10300000000000001
275,8071,15.82,0.17600000000000002
276,8073,45.29,0.17
277,8075,53.94,0.129
278,8077,20.41,0.11199999999999999
279,8079,25.06,0.094
280,8081,12.48,0.122
281,8083,15.7,0.149
282,8085,17.81,0.132
283,8087,24.89,0.11900000000000001
284,8089,23.95,0.242
285,8091,11.87,0.069
286,8093,7.79,0.086
287,8095,19.67,0.10400000000000001
288,8097,27.82,0.062
289,8099,23.13,0.182
290,8101,23.21,0.17800000000000002
291,8103,17.68,0.10300000000000001
292,8105,15.37,0.14400000000000002
293,8107,17.24,0.07200000000000001
294,8109,14.28,0.254
295,8111,14.06,0.13699999999999998
296,8113,21.98,0.099
297,8115,21.14,0.146
298,8117,25.43,0.064
299,8119,13.65,0.079
300,8121,22.01,0.11800000000000001
301,8123,21.83,0.084
302,8125,19.35,0.128
303,9001,24.44,0.09
304,9003,21.2,0.10800000000000001
305,9005,16.57,0.071
306,9007,16.71,0.07
307,9009,23.43,0.12
308,9011,17.73,0.078
309,9013,14.69,0.078
310,9015,19.12,0.115
311,10001,21.27,0.127
312,10003,24.13,0.10400000000000001
313,10005,26.86,0.121
314,11001,17.66,0.141
315,12001,23.22,0.184
316,12003,33.78,0.149
317,12005,27.33,0.121
318,12007,30.63,0.21
319,12009,14.97,0.094
320,12011,28.69,0.12300000000000001
321,12013,34.57,0.203
322,12015,15.38,0.114
323,12017,16.9,0.152
324,12019,19.73,0.083
325,12021,22.81,0.094
326,12023,32.42,0.156
327,12027,30.9,0.218
328,12029,28.17,0.222
329,12031,24.86,0.135
330,12033,28.8,0.155
331,12035,13.81,0.09699999999999999
332,12037,33.34,0.192
333,12039,35.22,0.19699999999999998
334,12041,21.81,0.15
335,12043,22.32,0.193
336,12045,37.83,0.14
337,12047,39.22,0.325
338,12049,31.91,0.221
339,12051,30.38,0.195
340,12053,15.52,0.124
341,12055,18.23,0.158
342,12057,21.69,0.135
343,12059,31.55,0.201
344,12061,17.87,0.115
345,12063,41.12,0.19399999999999998
346,12065,28.68,0.17600000000000002
347,12067,67.52,0.18
348,12069,17.91,0.109
349,12071,21.18,0.11199999999999999
350,12073,26.7,0.20800000000000002
351,12075,18.95,0.182
352,12077,47.23,0.23
353,12079,33.97,0.22699999999999998
354,12081,22.28,0.113
355,12083,20.12,0.149
356,12085,19.67,0.08900000000000001
357,12086,43.71,0.157
358,12087,21.69,0.099
359,12089,21.26,0.09
360,12091,22.77,0.106
361,12093,25.22,0.184
362,12095,23.06,0.126
363,12097,27.03,0.134
364,12099,22.97,0.114
365,12101,16.21,0.113
366,12103,18.86,0.114
367,12105,21.69,0.14
368,12107,21.25,0.22399999999999998
369,12109,19.28,0.064
370,12111,18.6,0.105
371,12113,23.98,0.098
372,12115,17.03,0.078
373,12117,16.0,0.09300000000000001
374,12119,16.57,0.08900000000000001
375,12121,34.7,0.171
376,12123,37.85,0.19899999999999998
377,12125,47.11,0.19899999999999998
378,12127,17.42,0.131
379,12129,26.89,0.12
380,12131,24.65,0.10800000000000001
381,12133,30.57,0.201
382,13001,34.42,0.209
383,13003,34.0,0.23199999999999998
384,13005,37.26,0.192
385,13007,20.24,0.248
386,13009,30.71,0.22899999999999998
387,13011,22.56,0.128
388,13013,26.51,0.09699999999999999
389,13015,30.31,0.125
390,13017,32.52,0.228
391,13019,22.22,0.201
392,13021,26.86,0.23199999999999998
393,13023,31.49,0.185
394,13025,20.23,0.161
395,13027,23.07,0.21899999999999997
396,13029,21.1,0.078
397,13031,23.39,0.21899999999999997
398,13033,28.23,0.23600000000000002
399,13035,31.58,0.147
400,13037,36.34,0.359
401,13039,18.03,0.138
402,13043,24.34,0.231
403,13045,23.56,0.149
404,13047,20.4,0.1
405,13049,34.59,0.259
406,13051,20.35,0.14800000000000002
407,13053,112.79,0.185
408,13055,27.71,0.174
409,13057,26.12,0.065
410,13059,31.02,0.257
411,13061,24.66,0.28800000000000003
412,13063,21.22,0.16
413,13065,37.86,0.22
414,13067,23.74,0.083
415,13069,35.24,0.20199999999999999
416,13071,28.38,0.21899999999999997
417,13073,24.29,0.055999999999999994
418,13075,26.22,0.214
419,13077,21.09,0.09
420,13079,12.54,0.153
421,13081,23.48,0.267
422,13083,20.82,0.135
423,13085,27.16,0.08800000000000001
424,13087,29.77,0.23399999999999999
425,13089,20.68,0.129
426,13091,27.32,0.20600000000000002
427,13093,23.79,0.282
428,13095,24.9,0.276
429,13097,23.43,0.109
430,13099,32.66,0.273
431,13101,35.02,0.21600000000000003
432,13103,16.93,0.091
433,13105,29.51,0.20600000000000002
434,13107,30.64,0.209
435,13109,24.35,0.24100000000000002
436,13111,21.09,0.121
437,13113,17.29,0.054000000000000006
438,13115,29.41,0.16399999999999998
439,13117,19.49,0.045
440,13119,28.49,0.17300000000000001
441,13121,22.06,0.138
442,13123,22.85,0.146
443,13125,20.25,0.16899999999999998
444,13127,24.76,0.154
445,13129,32.53,0.12300000000000001
446,13131,22.04,0.217
447,13133,23.71,0.15
448,13135,25.14,0.092
449,13137,30.43,0.152
450,13139,34.04,0.135
451,13141,35.27,0.312
452,13143,20.68,0.14400000000000002
453,13145,17.55,0.065
454,13147,21.08,0.146
455,13149,17.32,0.16699999999999998
456,13151,23.59,0.081
457,13153,20.82,0.11
458,13155,27.95,0.205
459,13157,30.07,0.10300000000000001
460,13159,21.94,0.124
461,13161,31.61,0.212
462,13163,33.36,0.251
463,13165,30.42,0.29
464,13167,35.43,0.242
465,13169,16.38,0.128
466,13171,25.29,0.14800000000000002
467,13173,19.87,0.185
468,13175,29.3,0.239
469,13177,22.64,0.09300000000000001
470,13179,14.54,0.145
471,13181,23.64,0.17300000000000001
472,13183,10.29,0.142
473,13185,28.07,0.204
474,13187,23.04,0.145
475,13189,26.62,0.18
476,13191,14.03,0.187
477,13193,18.65,0.294
478,13195,24.47,0.156
479,13197,16.83,0.21100000000000002
480,13199,22.5,0.222
481,13201,36.55,0.213
482,13205,28.14,0.307
483,13207,23.27,0.106
484,13209,26.18,0.19399999999999998
485,13211,25.73,0.111
486,13213,27.27,0.145
487,13215,21.23,0.184
488,13217,22.1,0.11199999999999999
489,13219,22.09,0.055999999999999994
490,13221,22.74,0.128
491,13223,20.92,0.068
492,13225,23.02,0.198
493,13227,22.89,0.10300000000000001
494,13229,31.13,0.16399999999999998
495,13231,26.6,0.087
496,13233,31.08,0.162
497,13235,22.84,0.207
498,13237,23.92,0.151
499,13239,17.17,0.228
500,13241,22.94,0.13
501,13243,28.93,0.253
502,13245,30.28,0.217
503,13247,18.92,0.121
504,13249,16.14,0.159
505,13251,18.16,0.24100000000000002
506,13253,30.05,0.226
507,13255,21.72,0.177
508,13257,30.77,0.15
509,13259,51.89,0.34700000000000003
510,13261,24.72,0.267
511,13263,19.74,0.196
512,13265,17.07,0.225
513,13267,27.34,0.265
514,13269,23.96,0.22899999999999998
515,13271,25.3,0.27699999999999997
516,13273,27.59,0.282
517,13275,25.25,0.18
518,13277,32.53,0.215
519,13279,32.17,0.192
520,13281,26.29,0.127
521,13283,31.25,0.316
522,13285,28.67,0.192
523,13287,33.7,0.28
524,13289,20.29,0.19
525,13291,21.99,0.11599999999999999
526,13293,32.14,0.191
527,13295,23.8,0.147
528,13297,24.45,0.10800000000000001
529,13299,37.12,0.263
530,13301,23.82,0.265
531,13303,28.85,0.214
532,13305,30.43,0.184
533,13307,13.77,0.184
534,13309,31.72,0.342
535,13311,24.87,0.109
536,13313,39.32,0.127
537,13315,31.07,0.294
538,13317,26.24,0.196
539,13319,26.59,0.17
540,13321,22.46,0.203
541,15001,3.3,0.131
542,15003,6.81,0.079
543,15005,,
544,15007,0.85,0.09300000000000001
545,15009,4.76,0.107
546,16001,26.28,0.094
547,16003,17.36,0.127
548,16005,22.84,0.135
549,16007,13.94,0.11800000000000001
550,16009,16.49,0.154
551,16011,23.98,0.111
552,16013,26.99,0.07200000000000001
553,16015,10.18,0.11599999999999999
554,16017,14.96,0.126
555,16019,27.87,0.09300000000000001
556,16021,15.24,0.14800000000000002
557,16023,19.17,0.146
558,16025,16.51,0.09
559,16027,29.29,0.10099999999999999
560,16029,22.77,0.10099999999999999
561,16031,32.14,0.12
562,16033,19.19,0.145
563,16035,28.74,0.135
564,16037,14.02,0.13
565,16039,16.46,0.141
566,16041,19.92,0.08199999999999999
567,16043,21.05,0.127
568,16045,23.28,0.127
569,16047,22.09,0.151
570,16049,18.11,0.138
571,16051,22.33,0.092
572,16053,28.22,0.142
573,16055,24.65,0.1
574,16057,18.58,0.11699999999999999
575,16059,16.6,0.135
576,16061,23.76,0.132
577,16063,24.17,0.11199999999999999
578,16065,41.1,0.27399999999999997
579,16067,29.61,0.113
580,16069,21.45,0.111
581,16071,17.09,0.113
582,16073,23.24,0.149
583,16075,27.13,0.11
584,16077,22.56,0.131
585,16079,19.92,0.191
586,16081,21.77,0.077
587,16083,28.21,0.11
588,16085,15.69,0.08800000000000001
589,16087,30.75,0.134
590,17001,30.63,0.12300000000000001
591,17003,19.19,0.24
592,17005,31.15,0.13
593,17007,29.67,0.08900000000000001
594,17009,33.49,0.14800000000000002
595,17011,26.01,0.11199999999999999
596,17013,24.19,0.09699999999999999
597,17015,28.13,0.111
598,17017,39.24,0.13
599,17019,24.13,0.19899999999999998
600,17021,26.53,0.12300000000000001
601,17023,25.73,0.10800000000000001
602,17025,26.03,0.138
603,17027,38.9,0.075
604,17029,28.45,0.168
605,17031,26.58,0.13
606,17033,28.06,0.126
607,17035,27.23,0.10099999999999999
608,17037,22.36,0.13
609,17039,20.19,0.11
610,17041,29.96,0.08
611,17043,22.71,0.06
612,17045,22.0,0.132
613,17047,19.4,0.11800000000000001
614,17049,32.86,0.092
615,17051,37.15,0.151
616,17053,29.75,0.1
617,17055,26.12,0.16399999999999998
618,17057,23.82,0.133
619,17059,21.64,0.19
620,17061,26.14,0.13699999999999998
621,17063,24.86,0.055999999999999994
622,17065,22.63,0.127
623,17067,22.68,0.12300000000000001
624,17069,20.88,0.18
625,17071,18.19,0.11
626,17073,22.76,0.087
627,17075,26.01,0.11599999999999999
628,17077,22.42,0.254
629,17079,28.56,0.099
630,17081,26.91,0.149
631,17083,28.47,0.10400000000000001
632,17085,19.56,0.09300000000000001
633,17087,28.93,0.129
634,17089,26.32,0.08199999999999999
635,17091,32.11,0.127
636,17093,22.71,0.04
637,17095,26.94,0.18600000000000003
638,17097,24.08,0.07200000000000001
639,17099,25.58,0.122
640,17101,39.86,0.184
641,17103,27.84,0.12
642,17105,30.19,0.13
643,17107,33.5,0.128
644,17109,23.57,0.233
645,17111,21.01,0.054000000000000006
646,17113,23.78,0.14300000000000002
647,17115,24.32,0.16699999999999998
648,17117,23.34,0.135
649,17119,26.5,0.109
650,17121,28.13,0.15
651,17123,18.54,0.09
652,17125,24.22,0.121
653,17127,21.07,0.159
654,17129,20.93,0.08199999999999999
655,17131,20.8,0.081
656,17133,28.91,0.042
657,17135,30.16,0.16
658,17137,29.88,0.138
659,17139,25.94,0.086
660,17141,26.22,0.094
661,17143,26.45,0.14800000000000002
662,17145,37.14,0.14400000000000002
663,17147,19.82,0.065
664,17149,26.62,0.14400000000000002
665,17151,16.0,0.16899999999999998
666,17153,32.49,0.22
667,17155,17.61,0.076
668,17157,36.62,0.127
669,17159,25.32,0.131
670,17161,25.34,0.136
671,17163,28.1,0.133
672,17165,24.45,0.157
673,17167,21.46,0.122
674,17169,23.83,0.113
675,17171,21.79,0.11199999999999999
676,17173,24.95,0.094
677,17175,25.0,0.11199999999999999
678,17177,23.86,0.115
679,17179,26.38,0.08199999999999999
680,17181,33.51,0.172
681,17183,27.67,0.168
682,17185,26.41,0.135
683,17187,27.39,0.114
684,17189,26.95,0.081
685,17191,24.91,0.131
686,17193,27.42,0.145
687,17195,28.57,0.114
688,17197,25.22,0.065
689,17199,26.01,0.134
690,17201,27.73,0.161
691,17203,25.21,0.061
692,18001,21.79,0.126
693,18003,24.39,0.105
694,18005,22.08,0.11199999999999999
695,18007,25.12,0.087
696,18009,25.46,0.128
697,18011,22.48,0.069
698,18013,14.93,0.105
699,18015,21.23,0.087
700,18017,43.09,0.126
701,18019,25.1,0.09699999999999999
702,18021,22.34,0.113
703,18023,31.32,0.113
704,18025,20.22,0.165
705,18027,21.86,0.113
706,18029,26.12,0.09300000000000001
707,18031,26.36,0.096
708,18033,21.89,0.095
709,18035,23.26,0.215
710,18037,33.91,0.059000000000000004
711,18039,34.87,0.096
712,18041,31.09,0.135
713,18043,22.71,0.106
714,18045,28.86,0.125
715,18047,17.78,0.092
716,18049,22.34,0.096
717,18051,29.34,0.09300000000000001
718,18053,28.04,0.16
719,18055,20.22,0.135
720,18057,23.11,0.042
721,18059,23.3,0.052000000000000005
722,18061,23.64,0.08199999999999999
723,18063,23.53,0.049
724,18065,29.62,0.129
725,18067,27.04,0.122
726,18069,22.77,0.09699999999999999
727,18071,26.92,0.10099999999999999
728,18073,24.36,0.08800000000000001
729,18075,21.91,0.125
730,18077,22.92,0.11599999999999999
731,18079,19.21,0.11599999999999999
732,18081,25.96,0.06
733,18083,24.67,0.127
734,18085,27.45,0.09
735,18087,16.73,0.075
736,18089,26.82,0.145
737,18091,24.56,0.134
738,18093,22.86,0.105
739,18095,23.35,0.131
740,18097,25.28,0.152
741,18099,30.78,0.109
742,18101,19.39,0.109
743,18103,26.72,0.13
744,18105,19.84,0.20800000000000002
745,18107,25.12,0.121
746,18109,20.55,0.08900000000000001
747,18111,18.62,0.095
748,18113,27.47,0.078
749,18115,22.1,0.096
750,18117,21.62,0.141
751,18119,20.83,0.12
752,18121,21.55,0.151
753,18123,23.9,0.121
754,18125,24.53,0.094
755,18127,24.43,0.081
756,18129,24.38,0.086
757,18131,21.09,0.11199999999999999
758,18133,24.75,0.105
759,18135,23.05,0.133
760,18137,27.29,0.091
761,18139,24.48,0.11
762,18141,30.72,0.153
763,18143,25.77,0.136
764,18145,31.94,0.10099999999999999
765,18147,25.11,0.087
766,18149,20.8,0.133
767,18151,24.95,0.086
768,18153,26.57,0.14400000000000002
769,18155,16.12,0.145
770,18157,26.88,0.161
771,18159,23.76,0.078
772,18161,23.99,0.096
773,18163,29.07,0.14400000000000002
774,18165,24.12,0.122
775,18167,28.92,0.20800000000000002
776,18169,26.93,0.109
777,18171,20.93,0.094
778,18173,28.49,0.063
779,18175,18.22,0.121
780,18177,27.22,0.152
781,18179,22.92,0.07400000000000001
782,18181,30.98,0.10300000000000001
783,18183,24.57,0.077
784,19001,26.92,0.107
785,19003,21.18,0.125
786,19005,26.77,0.13
787,19007,23.69,0.193
788,19009,21.89,0.109
789,19011,23.49,0.078
790,19013,32.37,0.13699999999999998
791,19015,23.83,0.087
792,19017,28.61,0.067
793,19019,21.06,0.095
794,19021,67.53,0.102
795,19023,27.28,0.105
796,19025,36.64,0.115
797,19027,35.17,0.08199999999999999
798,19029,24.95,0.14300000000000002
799,19031,23.33,0.078
800,19033,31.17,0.085
801,19035,33.74,0.102
802,19037,24.98,0.085
803,19039,26.23,0.11699999999999999
804,19041,30.57,0.10300000000000001
805,19043,23.06,0.11
806,19045,27.84,0.131
807,19047,44.27,0.125
808,19049,29.41,0.043
809,19051,21.38,0.115
810,19053,18.86,0.183
811,19055,29.2,0.086
812,19057,27.95,0.149
813,19059,33.38,0.07
814,19061,35.05,0.107
815,19063,35.55,0.114
816,19065,22.43,0.132
817,19067,24.73,0.11699999999999999
818,19069,29.67,0.11199999999999999
819,19071,20.97,0.11599999999999999
820,19073,20.76,0.11199999999999999
821,19075,26.68,0.055
822,19077,27.45,0.08800000000000001
823,19079,30.13,0.091
824,19081,32.59,0.09
825,19083,27.11,0.106
826,19085,30.38,0.087
827,19087,38.87,0.11699999999999999
828,19089,26.3,0.096
829,19091,30.34,0.10800000000000001
830,19093,30.37,0.105
831,19095,22.03,0.067
832,19097,27.28,0.12300000000000001
833,19099,27.43,0.084
834,19101,18.04,0.142
835,19103,25.36,0.16
836,19105,36.44,0.095
837,19107,21.91,0.114
838,19109,32.44,0.10300000000000001
839,19111,26.61,0.15
840,19113,22.8,0.111
841,19115,33.38,0.092
842,19117,20.62,0.149
843,19119,32.33,0.07400000000000001
844,19121,21.46,0.069
845,19123,24.93,0.10800000000000001
846,19125,26.1,0.08199999999999999
847,19127,35.33,0.13
848,19129,25.55,0.08800000000000001
849,19131,28.6,0.09300000000000001
850,19133,22.89,0.12300000000000001
851,19135,28.62,0.107
852,19137,23.29,0.132
853,19139,27.95,0.10099999999999999
854,19141,35.0,0.10099999999999999
855,19143,31.9,0.09300000000000001
856,19145,31.32,0.149
857,19147,29.88,0.111
858,19149,40.32,0.07200000000000001
859,19151,32.3,0.10099999999999999
860,19153,29.24,0.10099999999999999
861,19155,28.34,0.11
862,19157,22.33,0.11599999999999999
863,19159,24.9,0.151
864,19161,32.24,0.095
865,19163,26.2,0.11800000000000001
866,19165,27.49,0.087
867,19167,40.6,0.07
868,19169,29.77,0.158
869,19171,35.4,0.131
870,19173,27.73,0.125
871,19175,24.57,0.121
872,19177,19.39,0.128
873,19179,31.91,0.142
874,19181,25.77,0.073
875,19183,28.06,0.091
876,19185,18.76,0.191
877,19187,39.0,0.121
878,19189,33.77,0.102
879,19191,24.45,0.086
880,19193,40.63,0.128
881,19195,22.53,0.098
882,19197,39.27,0.11
883,20001,20.48,0.17300000000000001
884,20003,23.83,0.127
885,20005,25.23,0.138
886,20007,18.91,0.136
887,20009,25.13,0.134
888,20011,21.71,0.156
889,20013,30.13,0.154
890,20015,25.84,0.085
891,20017,27.88,0.114
892,20019,17.67,0.16399999999999998
893,20021,28.75,0.154
894,20023,32.43,0.11599999999999999
895,20025,32.08,0.124
896,20027,23.49,0.1
897,20029,27.37,0.135
898,20031,20.96,0.11199999999999999
899,20033,23.15,0.11599999999999999
900,20035,25.91,0.135
901,20037,29.92,0.185
902,20039,23.64,0.132
903,20041,21.29,0.098
904,20043,31.14,0.114
905,20045,18.91,0.151
906,20047,23.46,0.11699999999999999
907,20049,14.74,0.19399999999999998
908,20051,33.21,0.131
909,20053,54.69,0.096
910,20055,48.92,0.13
911,20057,53.64,0.138
912,20059,22.89,0.10400000000000001
913,20061,22.79,0.11699999999999999
914,20063,37.04,0.096
915,20065,24.86,0.11800000000000001
916,20067,35.98,0.105
917,20069,25.71,0.076
918,20071,21.2,0.109
919,20073,22.34,0.149
920,20075,21.19,0.131
921,20077,26.95,0.142
922,20079,24.49,0.09300000000000001
923,20081,27.0,0.09699999999999999
924,20083,27.36,0.10400000000000001
925,20085,25.34,0.109
926,20087,20.04,0.078
927,20089,16.8,0.13
928,20091,22.09,0.053
929,20093,37.56,0.10400000000000001
930,20095,24.15,0.113
931,20097,25.77,0.121
932,20099,30.58,0.158
933,20101,22.04,0.10300000000000001
934,20103,24.14,0.083
935,20105,19.35,0.121
936,20107,18.33,0.12
937,20109,25.96,0.1
938,20111,33.72,0.151
939,20113,26.12,0.07200000000000001
940,20115,21.0,0.107
941,20117,25.12,0.094
942,20119,31.83,0.09699999999999999
943,20121,17.75,0.068
944,20123,21.54,0.111
945,20125,24.14,0.157
946,20127,23.06,0.105
947,20129,23.77,0.11699999999999999
948,20131,35.86,0.08800000000000001
949,20133,24.99,0.157
950,20135,34.11,0.106
951,20137,67.45,0.11599999999999999
952,20139,16.92,0.142
953,20141,18.31,0.135
954,20143,22.32,0.099
955,20145,52.57,0.14
956,20147,32.73,0.11
957,20149,16.81,0.07200000000000001
958,20151,21.61,0.11199999999999999
959,20153,34.63,0.142
960,20155,33.67,0.134
961,20157,33.89,0.122
962,20159,26.43,0.11800000000000001
963,20161,24.27,0.209
964,20163,30.78,0.105
965,20165,33.46,0.122
966,20167,29.37,0.14400000000000002
967,20169,25.81,0.12300000000000001
968,20171,32.62,0.079
969,20173,25.17,0.126
970,20175,55.09,0.142
971,20177,22.72,0.098
972,20179,41.89,0.11800000000000001
973,20181,25.9,0.125
974,20183,17.18,0.11599999999999999
975,20185,20.01,0.13699999999999998
976,20187,25.33,0.106
977,20189,27.6,0.09699999999999999
978,20191,20.65,0.114
979,20193,36.02,0.091
980,20195,33.84,0.10800000000000001
981,20197,21.95,0.069
982,20199,28.73,0.121
983,20201,22.38,0.095
984,20203,23.82,0.11
985,20205,24.9,0.133
986,20207,14.78,0.14300000000000002
987,20209,32.0,0.20600000000000002
988,21001,24.32,0.214
989,21003,21.2,0.168
990,21005,15.98,0.102
991,21007,11.06,0.155
992,21009,22.36,0.201
993,21011,15.35,0.19399999999999998
994,21013,26.65,0.303
995,21015,22.52,0.071
996,21017,18.33,0.141
997,21019,23.39,0.20600000000000002
998,21021,26.81,0.155
999,21023,14.72,0.141
1000,21025,16.97,0.292
1001,21027,12.86,0.183
1002,21029,18.83,0.078
1003,21031,27.74,0.18
1004,21033,24.43,0.158
1005,21035,22.54,0.165
1006,21037,20.17,0.109
1007,21039,22.4,0.155
1008,21041,21.3,0.152
1009,21043,17.94,0.2
1010,21045,20.43,0.252
1011,21047,23.88,0.18899999999999997
1012,21049,16.46,0.13
1013,21051,31.33,0.326
1014,21053,30.51,0.23399999999999999
1015,21055,16.14,0.192
1016,21057,23.63,0.23
1017,21059,22.85,0.154
1018,21061,17.29,0.16
1019,21063,34.45,0.27699999999999997
1020,21065,16.82,0.22699999999999998
1021,21067,26.41,0.154
1022,21069,16.79,0.21100000000000002
1023,21071,19.48,0.27399999999999997
1024,21073,17.32,0.115
1025,21075,22.88,0.256
1026,21077,17.62,0.133
1027,21079,18.62,0.157
1028,21081,20.06,0.133
1029,21083,26.07,0.179
1030,21085,18.88,0.203
1031,21087,25.23,0.18600000000000003
1032,21089,22.14,0.159
1033,21091,21.08,0.122
1034,21093,19.56,0.107
1035,21095,22.96,0.311
1036,21097,18.69,0.153
1037,21099,22.7,0.201
1038,21101,24.02,0.163
1039,21103,18.27,0.147
1040,21105,19.95,0.16899999999999998
1041,21107,22.76,0.18100000000000002
1042,21109,23.69,0.278
1043,21111,24.69,0.142
1044,21113,18.83,0.11
1045,21115,18.94,0.258
1046,21117,21.67,0.11199999999999999
1047,21119,17.88,0.305
1048,21121,23.62,0.315
1049,21123,20.4,0.154
1050,21125,23.62,0.214
1051,21127,18.54,0.23399999999999999
1052,21129,44.35,0.349
1053,21131,18.95,0.32299999999999995
1054,21133,17.95,0.289
1055,21135,20.93,0.23199999999999998
1056,21137,19.79,0.19699999999999998
1057,21139,19.18,0.122
1058,21141,23.81,0.153
1059,21143,34.04,0.145
1060,21145,21.95,0.155
1061,21147,25.95,0.345
1062,21149,21.31,0.14
1063,21151,23.62,0.177
1064,21153,17.59,0.294
1065,21155,26.72,0.168
1066,21157,19.07,0.11800000000000001
1067,21159,22.32,0.344
1068,21161,19.79,0.157
1069,21163,15.2,0.114
1070,21165,14.64,0.261
1071,21167,24.06,0.138
1072,21169,22.09,0.226
1073,21171,28.97,0.217
1074,21173,19.73,0.158
1075,21175,36.73,0.265
1076,21177,25.68,0.188
1077,21179,23.09,0.105
1078,21181,15.39,0.17300000000000001
1079,21183,24.15,0.156
1080,21185,25.45,0.049
1081,21187,13.36,0.157
1082,21189,23.83,0.355
1083,21191,14.74,0.124
1084,21193,22.3,0.242
1085,21195,20.29,0.24
1086,21197,20.53,0.215
1087,21199,21.04,0.225
1088,21201,22.11,0.22
1089,21203,19.68,0.21
1090,21205,21.37,0.233
1091,21207,22.91,0.226
1092,21209,18.44,0.086
1093,21211,23.17,0.094
1094,21213,23.65,0.125
1095,21215,18.02,0.073
1096,21217,26.31,0.16399999999999998
1097,21219,20.24,0.171
1098,21221,18.01,0.146
1099,21223,16.47,0.11900000000000001
1100,21225,22.34,0.17300000000000001
1101,21227,30.05,0.154
1102,21229,25.41,0.14400000000000002
1103,21231,23.19,0.23800000000000002
1104,21233,22.6,0.163
1105,21235,27.98,0.226
1106,21237,14.83,0.301
1107,21239,17.55,0.083
1108,22001,29.22,0.203
1109,22003,41.31,0.21600000000000003
1110,22005,23.8,0.096
1111,22007,25.82,0.188
1112,22009,28.17,0.244
1113,22011,20.94,0.14300000000000002
1114,22013,32.54,0.244
1115,22015,26.17,0.16399999999999998
1116,22017,28.31,0.24100000000000002
1117,22019,27.21,0.18899999999999997
1118,22021,30.14,0.195
1119,22023,21.37,0.13699999999999998
1120,22025,34.44,0.264
1121,22027,28.69,0.325
1122,22029,25.85,0.275
1123,22031,25.6,0.18
1124,22033,23.4,0.177
1125,22035,57.34,0.384
1126,22037,51.24,0.187
1127,22039,28.11,0.28600000000000003
1128,22041,36.87,0.258
1129,22043,25.49,0.18600000000000003
1130,22045,26.63,0.21899999999999997
1131,22047,34.91,0.187
1132,22049,33.23,0.192
1133,22051,28.82,0.146
1134,22053,26.49,0.191
1135,22055,25.08,0.166
1136,22057,25.82,0.175
1137,22059,27.98,0.16899999999999998
1138,22061,26.44,0.295
1139,22063,23.0,0.12
1140,22065,48.51,0.41100000000000003
1141,22067,28.65,0.31
1142,22069,27.61,0.196
1143,22071,22.34,0.235
1144,22073,32.19,0.239
1145,22075,26.83,0.151
1146,22077,31.38,0.2
1147,22079,24.38,0.183
1148,22081,28.37,0.239
1149,22083,32.08,0.251
1150,22085,30.41,0.184
1151,22087,21.78,0.192
1152,22089,26.43,0.111
1153,22091,24.78,0.196
1154,22093,25.44,0.166
1155,22095,24.75,0.16
1156,22097,28.19,0.226
1157,22099,26.13,0.187
1158,22101,24.83,0.23800000000000002
1159,22103,23.52,0.115
1160,22105,24.78,0.217
1161,22107,22.25,0.289
1162,22109,23.42,0.19
1163,22111,29.97,0.19399999999999998
1164,22113,22.59,0.17
1165,22115,16.86,0.153
1166,22117,25.56,0.249
1167,22119,27.37,0.29600000000000004
1168,22121,26.59,0.14400000000000002
1169,22123,28.71,0.21
1170,22125,33.6,0.221
1171,22127,33.96,0.23399999999999999
1172,23001,12.91,0.10400000000000001
1173,23003,4.61,0.155
1174,23005,11.51,0.078
1175,23007,7.69,0.126
1176,23009,4.23,0.106
1177,23011,8.33,0.115
1178,23013,4.66,0.109
1179,23015,4.66,0.11
1180,23017,9.78,0.13
1181,23019,6.87,0.124
1182,23021,4.72,0.165
1183,23023,6.36,0.086
1184,23025,6.92,0.183
1185,23027,4.41,0.13699999999999998
1186,23029,5.19,0.196
1187,23031,11.68,0.079
1188,24001,24.03,0.16
1189,24003,17.2,0.057999999999999996
1190,24005,18.45,0.08900000000000001
1191,24009,10.31,0.057
1192,24011,16.39,0.121
1193,24013,12.51,0.051
1194,24015,12.91,0.10300000000000001
1195,24017,15.26,0.064
1196,24019,18.98,0.16399999999999998
1197,24021,17.25,0.057
1198,24023,14.66,0.128
1199,24025,13.52,0.067
1200,24027,13.6,0.05
1201,24029,16.68,0.124
1202,24031,17.08,0.073
1203,24033,24.29,0.087
1204,24035,13.26,0.06
1205,24037,11.93,0.077
1206,24039,27.49,0.23600000000000002
1207,24041,12.99,0.087
1208,24043,20.79,0.12300000000000001
1209,24045,18.19,0.16
1210,24047,16.37,0.099
1211,24510,21.42,0.204
1212,25001,12.93,0.065
1213,25003,10.73,0.11199999999999999
1214,25005,25.62,0.113
1215,25007,13.42,0.073
1216,25009,28.8,0.08800000000000001
1217,25011,7.82,0.09300000000000001
1218,25013,24.38,0.138
1219,25015,13.31,0.111
1220,25017,19.51,0.069
1221,25019,25.03,0.055
1222,25021,17.48,0.057999999999999996
1223,25023,21.22,0.07400000000000001
1224,25025,29.49,0.16699999999999998
1225,25027,21.36,0.094
1226,26001,12.15,0.18
1227,26003,16.89,0.126
1228,26005,17.32,0.10800000000000001
1229,26007,14.5,0.139
1230,26009,11.71,0.096
1231,26011,14.35,0.172
1232,26013,26.48,0.13699999999999998
1233,26015,17.23,0.078
1234,26017,20.67,0.134
1235,26019,13.32,0.096
1236,26021,21.13,0.159
1237,26023,32.97,0.132
1238,26025,21.19,0.139
1239,26027,21.08,0.14800000000000002
1240,26029,11.5,0.09699999999999999
1241,26031,12.32,0.149
1242,26033,32.4,0.183
1243,26035,14.16,0.196
1244,26037,17.99,0.078
1245,26039,13.41,0.14
1246,26041,24.41,0.138
1247,26043,24.13,0.099
1248,26045,16.63,0.075
1249,26047,13.06,0.092
1250,26049,19.54,0.166
1251,26051,16.16,0.135
1252,26053,23.03,0.171
1253,26055,12.57,0.07200000000000001
1254,26057,38.14,0.14300000000000002
1255,26059,19.55,0.153
1256,26061,20.27,0.147
1257,26063,21.63,0.13699999999999998
1258,26065,17.1,0.17300000000000001
1259,26067,29.51,0.115
1260,26069,15.24,0.142
1261,26071,22.38,0.13699999999999998
1262,26073,18.06,0.22899999999999998
1263,26075,27.66,0.13699999999999998
1264,26077,17.18,0.133
1265,26079,10.77,0.139
1266,26081,22.87,0.11199999999999999
1267,26083,15.95,0.10300000000000001
1268,26085,9.26,0.20199999999999999
1269,26087,20.05,0.10099999999999999
1270,26089,10.65,0.071
1271,26091,22.75,0.11800000000000001
1272,26093,15.77,0.044000000000000004
1273,26095,56.36,0.192
1274,26097,12.06,0.141
1275,26099,22.21,0.086
1276,26101,14.59,0.12300000000000001
1277,26103,20.43,0.11800000000000001
1278,26105,12.68,0.139
1279,26107,14.29,0.19899999999999998
1280,26109,21.77,0.135
1281,26111,17.07,0.09699999999999999
1282,26113,15.76,0.109
1283,26115,18.99,0.102
1284,26117,23.2,0.124
1285,26119,10.99,0.14400000000000002
1286,26121,21.4,0.135
1287,26123,17.53,0.157
1288,26125,19.05,0.078
1289,26127,21.63,0.14800000000000002
1290,26129,14.54,0.182
1291,26131,17.8,0.133
1292,26133,13.85,0.146
1293,26135,13.81,0.154
1294,26137,16.65,0.1
1295,26139,22.16,0.078
1296,26141,14.36,0.10800000000000001
1297,26143,14.12,0.153
1298,26145,24.04,0.18600000000000003
1299,26147,18.77,0.10400000000000001
1300,26149,20.86,0.129
1301,26151,16.23,0.136
1302,26153,9.61,0.14300000000000002
1303,26155,16.76,0.109
1304,26157,19.43,0.11599999999999999
1305,26159,18.43,0.13
1306,26161,15.78,0.13
1307,26163,19.73,0.198
1308,26165,13.66,0.124
1309,27001,18.58,0.125
1310,27003,25.68,0.062
1311,27005,23.47,0.102
1312,27007,19.06,0.163
1313,27009,29.75,0.086
1314,27011,26.91,0.11
1315,27013,25.97,0.152
1316,27015,25.83,0.07400000000000001
1317,27017,21.81,0.091
1318,27019,20.42,0.043
1319,27021,19.15,0.114
1320,27023,30.37,0.10400000000000001
1321,27025,22.96,0.062
1322,27027,30.67,0.11900000000000001
1323,27029,20.78,0.115
1324,27031,5.87,0.08900000000000001
1325,27033,33.18,0.10800000000000001
1326,27035,21.29,0.105
1327,27037,23.11,0.063
1328,27039,18.94,0.055999999999999994
1329,27041,26.34,0.063
1330,27043,23.3,0.122
1331,27045,16.14,0.094
1332,27047,24.63,0.096
1333,27049,21.15,0.071
1334,27051,20.79,0.08800000000000001
1335,27053,22.81,0.09699999999999999
1336,27055,19.68,0.078
1337,27057,18.93,0.11199999999999999
1338,27059,20.62,0.069
1339,27061,19.3,0.11199999999999999
1340,27063,25.67,0.098
1341,27065,17.63,0.10099999999999999
1342,27067,36.68,0.098
1343,27069,23.47,0.092
1344,27071,14.72,0.13
1345,27073,25.45,0.095
1346,27075,16.41,0.09
1347,27077,16.27,0.092
1348,27079,21.88,0.071
1349,27081,24.42,0.10099999999999999
1350,27083,34.23,0.106
1351,27085,25.17,0.063
1352,27087,21.3,0.213
1353,27089,20.64,0.075
1354,27091,26.17,0.105
1355,27093,23.36,0.079
1356,27095,23.81,0.114
1357,27097,26.15,0.08900000000000001
1358,27099,28.98,0.115
1359,27101,30.38,0.085
1360,27103,21.9,0.099
1361,27105,59.32,0.11
1362,27107,19.51,0.10400000000000001
1363,27109,19.42,0.067
1364,27111,21.23,0.11
1365,27113,22.73,0.098
1366,27115,25.25,0.11599999999999999
1367,27117,30.35,0.111
1368,27119,28.62,0.10800000000000001
1369,27121,19.89,0.08900000000000001
1370,27123,22.11,0.124
1371,27125,21.78,0.099
1372,27127,25.06,0.09699999999999999
1373,27129,26.49,0.1
1374,27131,29.9,0.08199999999999999
1375,27133,32.44,0.087
1376,27135,29.48,0.06
1377,27137,19.54,0.128
1378,27139,24.68,0.042
1379,27141,25.34,0.055
1380,27143,20.91,0.107
1381,27145,33.71,0.11199999999999999
1382,27147,22.94,0.063
1383,27149,21.55,0.11900000000000001
1384,27151,25.23,0.095
1385,27153,27.9,0.11800000000000001
1386,27155,23.86,0.11900000000000001
1387,27157,20.96,0.084
1388,27159,24.51,0.125
1389,27161,31.26,0.08900000000000001
1390,27163,22.44,0.046
1391,27165,31.82,0.10099999999999999
1392,27167,28.4,0.091
1393,27169,22.57,0.11
1394,27171,24.36,0.052000000000000005
1395,27173,26.84,0.096
1396,28001,23.94,0.27899999999999997
1397,28003,20.38,0.17300000000000001
1398,28005,24.25,0.209
1399,28007,31.47,0.24100000000000002
1400,28009,28.94,0.207
1401,28011,41.56,0.366
1402,28013,29.33,0.172
1403,28015,32.77,0.172
1404,28017,32.23,0.22699999999999998
1405,28019,22.19,0.209
1406,28021,36.76,0.375
1407,28023,28.86,0.23199999999999998
1408,28025,24.56,0.297
1409,28027,34.53,0.382
1410,28029,28.71,0.221
1411,28031,35.62,0.213
1412,28033,27.67,0.094
1413,28035,26.54,0.233
1414,28037,25.43,0.196
1415,28039,25.26,0.166
1416,28041,29.21,0.218
1417,28043,33.53,0.203
1418,28045,17.23,0.16699999999999998
1419,28047,20.13,0.175
1420,28049,22.81,0.201
1421,28051,35.48,0.33799999999999997
1422,28053,31.95,0.371
1423,28055,48.07,0.358
1424,28057,32.66,0.128
1425,28059,22.44,0.151
1426,28061,32.24,0.205
1427,28063,25.72,0.289
1428,28065,24.29,0.243
1429,28067,30.6,0.23800000000000002
1430,28069,28.01,0.28
1431,28071,30.56,0.175
1432,28073,23.78,0.16
1433,28075,25.23,0.215
1434,28077,26.29,0.19699999999999998
1435,28079,33.87,0.23800000000000002
1436,28081,29.04,0.146
1437,28083,34.52,0.35700000000000004
1438,28085,28.42,0.196
1439,28087,26.12,0.172
1440,28089,24.23,0.10099999999999999
1441,28091,27.64,0.23800000000000002
1442,28093,31.04,0.203
1443,28095,29.55,0.179
1444,28097,34.46,0.237
1445,28099,37.94,0.217
1446,28101,29.51,0.203
1447,28103,34.03,0.292
1448,28105,26.25,0.311
1449,28107,32.98,0.228
1450,28109,18.61,0.18100000000000002
1451,28111,26.23,0.19899999999999998
1452,28113,21.78,0.262
1453,28115,32.63,0.159
1454,28117,28.28,0.157
1455,28119,32.59,0.35
1456,28121,21.32,0.111
1457,28123,30.04,0.19699999999999998
1458,28125,32.67,0.33399999999999996
1459,28127,28.16,0.17800000000000002
1460,28129,25.4,0.18899999999999997
1461,28131,24.46,0.185
1462,28133,41.84,0.34
1463,28135,40.42,0.379
1464,28137,29.9,0.151
1465,28139,31.42,0.162
1466,28141,28.54,0.17
1467,28143,29.44,0.281
1468,28145,33.88,0.13
1469,28147,25.37,0.217
1470,28149,23.69,0.201
1471,28151,33.14,0.337
1472,28153,33.22,0.222
1473,28155,28.79,0.17
1474,28157,24.61,0.312
1475,28159,33.54,0.254
1476,28161,32.11,0.244
1477,28163,34.7,0.364
1478,29001,24.69,0.192
1479,29003,22.17,0.08900000000000001
1480,29005,18.17,0.129
1481,29007,26.12,0.163
1482,29009,17.98,0.18600000000000003
1483,29011,22.81,0.15
1484,29015,19.62,0.16699999999999998
1485,29017,23.55,0.145
1486,29019,25.56,0.172
1487,29021,31.21,0.158
1488,29023,22.29,0.225
1489,29027,27.62,0.11599999999999999
1490,29029,21.6,0.135
1491,29031,30.3,0.146
1492,29033,26.0,0.138
1493,29035,20.21,0.198
1494,29039,15.33,0.179
1495,29041,18.08,0.125
1496,29043,23.08,0.10400000000000001
1497,29045,20.42,0.142
1498,29051,30.37,0.106
1499,29053,28.03,0.11800000000000001
1500,29055,23.53,0.156
1501,29057,22.36,0.159
1502,29059,16.11,0.17800000000000002
1503,29061,19.42,0.17600000000000002
1504,29063,27.18,0.146
1505,29065,13.93,0.19
1506,29067,15.97,0.187
1507,29069,24.05,0.267
1508,29071,22.3,0.09300000000000001
1509,29073,20.09,0.11599999999999999
1510,29075,29.63,0.115
1511,29077,24.22,0.14400000000000002
1512,29079,23.63,0.187
1513,29081,24.25,0.154
1514,29083,20.55,0.17300000000000001
1515,29085,15.17,0.182
1516,29087,23.24,0.11800000000000001
1517,29089,23.77,0.13
1518,29091,19.53,0.20800000000000002
1519,29093,16.51,0.20800000000000002
1520,29099,23.78,0.084
1521,29101,21.76,0.114
1522,29103,18.05,0.16699999999999998
1523,29105,22.04,0.158
1524,29109,20.55,0.161
1525,29111,22.22,0.166
1526,29113,21.08,0.094
1527,29115,19.22,0.18899999999999997
1528,29117,29.3,0.15
1529,29119,31.89,0.185
1530,29121,21.77,0.125
1531,29123,30.94,0.16699999999999998
1532,29125,16.53,0.14300000000000002
1533,29127,28.45,0.139
1534,29129,15.74,0.127
1535,29131,23.75,0.151
1536,29133,30.5,0.27699999999999997
1537,29135,29.67,0.11
1538,29137,22.67,0.134
1539,29139,17.49,0.133
1540,29141,20.56,0.17800000000000002
1541,29143,30.26,0.225
1542,29147,36.37,0.17800000000000002
1543,29149,17.25,0.20600000000000002
1544,29151,27.64,0.091
1545,29153,15.72,0.22699999999999998
1546,29155,25.99,0.26899999999999996
1547,29157,29.49,0.091
1548,29159,30.2,0.129
1549,29161,19.46,0.17
1550,29163,24.71,0.17600000000000002
1551,29167,26.11,0.196
1552,29169,18.69,0.146
1553,29171,15.29,0.157
1554,29173,21.38,0.1
1555,29175,24.22,0.165
1556,29179,17.89,0.217
1557,29181,17.59,0.19699999999999998
1558,29183,26.25,0.046
1559,29185,17.35,0.193
1560,29186,23.4,0.09699999999999999
1561,29187,34.22,0.17
1562,29189,23.96,0.09300000000000001
1563,29195,32.33,0.157
1564,29197,15.03,0.20800000000000002
1565,29199,14.34,0.14400000000000002
1566,29201,28.58,0.179
1567,29203,16.75,0.226
1568,29205,20.38,0.158
1569,29207,21.23,0.184
1570,29209,17.14,0.154
1571,29211,35.53,0.156
1572,29213,23.02,0.126
1573,29215,17.75,0.21
1574,29217,19.72,0.171
1575,29219,19.53,0.1
1576,29221,25.2,0.22399999999999998
1577,29223,17.75,0.20600000000000002
1578,29225,21.01,0.162
1579,29227,18.57,0.149
1580,29229,20.03,0.196
1581,29510,20.5,0.204
1582,30001,23.8,0.145
1583,30003,49.71,0.261
1584,30005,26.85,0.213
1585,30007,16.01,0.09
1586,30009,19.34,0.10099999999999999
1587,30011,28.79,0.142
1588,30013,24.62,0.142
1589,30015,19.94,0.154
1590,30017,25.06,0.13
1591,30019,26.58,0.11
1592,30021,31.02,0.11800000000000001
1593,30023,30.21,0.159
1594,30025,24.1,0.09699999999999999
1595,30027,22.88,0.132
1596,30029,25.82,0.094
1597,30031,28.01,0.10300000000000001
1598,30033,15.9,0.16399999999999998
1599,30035,29.11,0.257
1600,30037,15.98,0.19699999999999998
1601,30039,14.03,0.125
1602,30041,29.21,0.157
1603,30043,19.23,0.08
1604,30045,10.33,0.145
1605,30047,15.5,0.172
1606,30049,21.25,0.094
1607,30051,12.45,0.19
1608,30053,17.62,0.174
1609,30055,25.49,0.145
1610,30057,20.34,0.09699999999999999
1611,30059,19.13,0.157
1612,30061,11.81,0.156
1613,30063,17.07,0.11800000000000001
1614,30065,16.98,0.165
1615,30067,17.15,0.11800000000000001
1616,30069,5.71,0.14800000000000002
1617,30071,31.96,0.14300000000000002
1618,30073,19.67,0.175
1619,30075,17.69,0.138
1620,30077,40.22,0.163
1621,30079,30.26,0.131
1622,30081,14.94,0.11199999999999999
1623,30083,24.37,0.08800000000000001
1624,30085,37.48,0.243
1625,30087,36.4,0.163
1626,30089,11.35,0.16699999999999998
1627,30091,29.22,0.12300000000000001
1628,30093,25.95,0.153
1629,30095,17.35,0.09300000000000001
1630,30097,24.11,0.10300000000000001
1631,30099,16.91,0.135
1632,30101,45.15,0.158
1633,30103,18.38,0.122
1634,30105,27.9,0.128
1635,30107,19.89,0.183
1636,30109,30.86,0.113
1637,30111,26.28,0.113
1638,31001,23.94,0.106
1639,31003,19.51,0.122
1640,31005,11.17,0.136
1641,31007,9.76,0.113
1642,31009,9.91,0.159
1643,31011,25.15,0.1
1644,31013,20.35,0.10300000000000001
1645,31015,23.13,0.141
1646,31017,18.38,0.11599999999999999
1647,31019,27.69,0.11599999999999999
1648,31021,24.23,0.10099999999999999
1649,31023,26.62,0.08199999999999999
1650,31025,22.08,0.053
1651,31027,20.66,0.086
1652,31029,27.56,0.091
1653,31031,12.17,0.107
1654,31033,23.6,0.10099999999999999
1655,31035,26.86,0.106
1656,31037,47.25,0.08199999999999999
1657,31039,27.94,0.08900000000000001
1658,31041,18.63,0.11800000000000001
1659,31043,66.51,0.106
1660,31045,21.95,0.16399999999999998
1661,31047,35.79,0.11900000000000001
1662,31049,12.26,0.11199999999999999
1663,31051,26.25,0.087
1664,31053,34.68,0.095
1665,31057,22.59,0.134
1666,31059,22.11,0.085
1667,31061,19.8,0.14300000000000002
1668,31063,17.36,0.129
1669,31065,24.61,0.122
1670,31067,24.04,0.11199999999999999
1671,31069,14.81,0.15
1672,31071,18.12,0.121
1673,31073,23.52,0.08900000000000001
1674,31075,12.29,0.096
1675,31077,21.56,0.125
1676,31079,33.64,0.102
1677,31081,24.65,0.065
1678,31083,15.15,0.11
1679,31085,15.26,0.15
1680,31087,19.75,0.113
1681,31089,19.66,0.111
1682,31091,19.87,0.08199999999999999
1683,31093,21.12,0.10099999999999999
1684,31095,21.41,0.095
1685,31097,36.3,0.11199999999999999
1686,31099,26.19,0.077
1687,31101,20.03,0.111
1688,31103,13.93,0.18899999999999997
1689,31105,26.13,0.122
1690,31107,25.2,0.122
1691,31109,23.78,0.107
1692,31111,25.87,0.10800000000000001
1693,31113,24.0,0.08900000000000001
1694,31115,14.51,0.152
1695,31117,13.96,0.126
1696,31119,32.46,0.102
1697,31121,23.79,0.11
1698,31123,26.61,0.132
1699,31125,27.77,0.10300000000000001
1700,31127,23.87,0.11800000000000001
1701,31129,23.71,0.11199999999999999
1702,31131,20.21,0.083
1703,31133,19.33,0.131
1704,31135,22.73,0.095
1705,31137,25.95,0.1
1706,31139,21.46,0.09300000000000001
1707,31141,32.97,0.09
1708,31143,27.1,0.069
1709,31145,26.12,0.12
1710,31147,20.53,0.12300000000000001
1711,31149,20.37,0.139
1712,31151,43.41,0.092
1713,31153,27.31,0.059000000000000004
1714,31155,26.9,0.069
1715,31157,31.96,0.13
1716,31159,29.21,0.07200000000000001
1717,31161,22.51,0.145
1718,31163,15.73,0.124
1719,31165,7.46,0.159
1720,31167,14.78,0.07
1721,31169,22.28,0.10800000000000001
1722,31171,17.36,0.139
1723,31173,30.85,0.249
1724,31175,18.24,0.10400000000000001
1725,31177,24.16,0.068
1726,31179,30.03,0.11800000000000001
1727,31181,24.96,0.12300000000000001
1728,31183,10.37,0.12300000000000001
1729,31185,31.66,0.094
1730,32001,17.73,0.11699999999999999
1731,32003,26.44,0.133
1732,32005,12.47,0.081
1733,32007,22.21,0.11
1734,32009,9.11,0.138
1735,32011,5.77,0.099
1736,32013,15.3,0.11
1737,32015,19.68,0.109
1738,32017,16.25,0.138
1739,32019,11.95,0.102
1740,32021,14.23,0.159
1741,32023,14.79,0.161
1742,32027,38.87,0.17600000000000002
1743,32029,5.2,0.07
1744,32031,23.48,0.107
1745,32033,15.5,0.13699999999999998
1746,32510,26.29,0.122
1747,33001,12.24,0.086
1748,33003,8.64,0.09
1749,33005,8.92,0.09699999999999999
1750,33007,11.01,0.139
1751,33009,7.83,0.092
1752,33011,17.71,0.075
1753,33013,12.48,0.064
1754,33015,14.98,0.051
1755,33017,14.04,0.08800000000000001
1756,33019,7.0,0.10099999999999999
1757,34001,24.36,0.113
1758,34003,24.77,0.057
1759,34005,21.27,0.057
1760,34007,23.84,0.107
1761,34009,19.39,0.098
1762,34011,26.96,0.138
1763,34013,27.67,0.138
1764,34015,21.59,0.075
1765,34017,30.73,0.13699999999999998
1766,34019,16.01,0.04
1767,34021,23.0,0.11900000000000001
1768,34023,25.61,0.085
1769,34025,25.49,0.062
1770,34027,21.43,0.053
1771,34029,26.49,0.09
1772,34031,35.31,0.133
1773,34033,20.47,0.114
1774,34035,20.04,0.054000000000000006
1775,34037,18.52,0.052000000000000005
1776,34039,30.78,0.091
1777,34041,19.19,0.071
1778,35001,19.08,0.155
1779,35003,5.48,0.20600000000000002
1780,35005,33.22,0.18100000000000002
1781,35006,35.57,0.255
1782,35007,16.28,0.17
1783,35009,25.85,0.187
1784,35011,17.46,0.18600000000000003
1785,35013,26.59,0.23800000000000002
1786,35015,25.76,0.11199999999999999
1787,35017,12.84,0.18100000000000002
1788,35019,37.89,0.235
1789,35021,3.84,0.154
1790,35023,21.51,0.22899999999999998
1791,35025,30.13,0.151
1792,35027,18.85,0.13699999999999998
1793,35028,5.42,0.035
1794,35029,32.87,0.23800000000000002
1795,35031,47.62,0.301
1796,35033,7.69,0.212
1797,35035,18.38,0.201
1798,35037,13.04,0.217
1799,35039,20.26,0.222
1800,35041,25.82,0.188
1801,35043,18.03,0.1
1802,35045,29.06,0.19899999999999998
1803,35047,10.68,0.23800000000000002
1804,35049,15.65,0.124
1805,35051,15.48,0.276
1806,35053,17.97,0.26
1807,35055,11.16,0.182
1808,35057,12.61,0.21600000000000003
1809,35059,27.87,0.203
1810,35061,20.35,0.17600000000000002
1811,37001,24.48,0.146
1812,37003,25.78,0.11699999999999999
1813,37005,20.94,0.16899999999999998
1814,37007,24.96,0.214
1815,37009,16.59,0.146
1816,37011,30.23,0.16399999999999998
1817,37013,21.75,0.17600000000000002
1818,37015,24.59,0.242
1819,37017,23.37,0.212
1820,37019,13.63,0.102
1821,37021,14.59,0.122
1822,37023,26.07,0.184
1823,37025,21.32,0.079
1824,37027,25.67,0.12
1825,37029,12.61,0.076
1826,37031,15.44,0.10400000000000001
1827,37033,22.19,0.162
1828,37035,26.52,0.133
1829,37037,16.04,0.087
1830,37039,19.14,0.177
1831,37041,24.03,0.185
1832,37043,14.68,0.14
1833,37045,26.05,0.19
1834,37047,27.47,0.223
1835,37049,20.34,0.138
1836,37051,18.77,0.18
1837,37053,10.94,0.08800000000000001
1838,37055,11.82,0.08900000000000001
1839,37057,21.26,0.152
1840,37059,19.8,0.109
1841,37061,28.08,0.177
1842,37063,19.73,0.14
1843,37065,24.45,0.21
1844,37067,21.25,0.152
1845,37069,20.32,0.11599999999999999
1846,37071,26.32,0.11599999999999999
1847,37073,13.44,0.147
1848,37075,16.79,0.168
1849,37077,24.6,0.146
1850,37079,30.03,0.20199999999999999
1851,37081,19.3,0.16
1852,37083,24.84,0.23800000000000002
1853,37085,18.46,0.156
1854,37087,14.39,0.106
1855,37089,18.75,0.106
1856,37091,24.16,0.23
1857,37093,19.74,0.16899999999999998
1858,37095,32.05,0.192
1859,37097,21.51,0.08199999999999999
1860,37099,20.17,0.193
1861,37101,22.41,0.125
1862,37103,18.97,0.188
1863,37105,23.3,0.142
1864,37107,23.49,0.231
1865,37109,24.71,0.09
1866,37111,25.89,0.136
1867,37113,18.18,0.14300000000000002
1868,37115,15.07,0.146
1869,37117,22.57,0.20600000000000002
1870,37119,23.11,0.10300000000000001
1871,37121,20.08,0.14800000000000002
1872,37123,29.92,0.161
1873,37125,19.25,0.113
1874,37127,26.61,0.16399999999999998
1875,37129,17.91,0.13
1876,37131,23.12,0.21600000000000003
1877,37133,19.63,0.125
1878,37135,14.55,0.134
1879,37137,19.47,0.159
1880,37139,19.45,0.14300000000000002
1881,37141,18.55,0.115
1882,37143,15.97,0.15
1883,37145,17.7,0.154
1884,37147,25.02,0.192
1885,37149,15.61,0.121
1886,37151,23.12,0.141
1887,37153,23.77,0.258
1888,37155,30.48,0.315
1889,37157,18.42,0.184
1890,37159,26.69,0.139
1891,37161,24.28,0.185
1892,37163,29.61,0.168
1893,37165,27.78,0.285
1894,37167,28.47,0.107
1895,37169,18.39,0.13
1896,37171,24.74,0.16
1897,37173,18.69,0.161
1898,37175,13.44,0.131
1899,37177,22.83,0.254
1900,37179,21.8,0.073
1901,37181,24.68,0.185
1902,37183,17.15,0.08
1903,37185,21.17,0.217
1904,37187,19.84,0.213
1905,37189,19.58,0.214
1906,37191,23.03,0.18600000000000003
1907,37193,22.21,0.152
1908,37195,27.02,0.215
1909,37197,23.99,0.139
1910,37199,18.96,0.142
1911,38001,28.43,0.107
1912,38003,33.64,0.099
1913,38005,40.84,0.233
1914,38007,14.97,0.09699999999999999
1915,38009,28.33,0.09699999999999999
1916,38011,30.51,0.08
1917,38013,27.4,0.08800000000000001
1918,38015,42.57,0.069
1919,38017,33.68,0.114
1920,38019,28.61,0.091
1921,38021,39.92,0.106
1922,38023,18.46,0.10800000000000001
1923,38025,22.82,0.098
1924,38027,52.14,0.1
1925,38029,35.13,0.13699999999999998
1926,38031,45.32,0.08800000000000001
1927,38033,36.4,0.121
1928,38035,39.51,0.132
1929,38037,21.34,0.149
1930,38039,36.31,0.095
1931,38041,33.76,0.125
1932,38043,26.84,0.141
1933,38045,32.0,0.122
1934,38047,33.46,0.132
1935,38049,26.49,0.121
1936,38051,35.53,0.139
1937,38053,20.97,0.07400000000000001
1938,38055,34.07,0.094
1939,38057,33.85,0.077
1940,38059,42.86,0.079
1941,38061,32.01,0.095
1942,38063,40.53,0.11199999999999999
1943,38065,20.19,0.106
1944,38067,28.85,0.08800000000000001
1945,38069,34.23,0.11599999999999999
1946,38071,36.48,0.12300000000000001
1947,38073,31.14,0.087
1948,38075,33.82,0.08900000000000001
1949,38077,29.17,0.124
1950,38079,35.8,0.259
1951,38081,28.64,0.075
1952,38083,21.1,0.16699999999999998
1953,38085,40.23,0.321
1954,38087,11.05,0.135
1955,38089,38.97,0.085
1956,38091,23.45,0.07400000000000001
1957,38093,43.61,0.10800000000000001
1958,38095,34.26,0.107
1959,38097,32.08,0.08
1960,38099,43.04,0.11699999999999999
1961,38101,35.57,0.09
1962,38103,28.68,0.124
1963,38105,31.17,0.064
1964,39001,17.62,0.191
1965,39003,26.73,0.129
1966,39005,17.02,0.126
1967,39007,15.01,0.187
1968,39009,19.68,0.266
1969,39011,24.36,0.073
1970,39013,19.42,0.11599999999999999
1971,39015,19.0,0.121
1972,39017,22.92,0.11699999999999999
1973,39019,15.1,0.113
1974,39021,17.71,0.077
1975,39023,23.2,0.146
1976,39025,20.26,0.08199999999999999
1977,39027,18.93,0.14800000000000002
1978,39029,21.28,0.132
1979,39031,15.41,0.125
1980,39033,20.4,0.147
1981,39035,20.04,0.162
1982,39037,24.25,0.121
1983,39039,23.41,0.08800000000000001
1984,39041,18.94,0.048
1985,39043,22.67,0.11599999999999999
1986,39045,22.32,0.081
1987,39047,21.66,0.136
1988,39049,22.47,0.135
1989,39051,20.86,0.069
1990,39053,17.27,0.165
1991,39055,15.38,0.055
1992,39057,19.73,0.099
1993,39059,16.98,0.155
1994,39061,22.49,0.146
1995,39063,19.6,0.09300000000000001
1996,39065,19.63,0.139
1997,39067,14.97,0.145
1998,39069,21.67,0.075
1999,39071,17.15,0.156
2000,39073,16.15,0.15
2001,39075,14.34,0.092
2002,39077,19.8,0.1
2003,39079,20.74,0.172
2004,39081,17.55,0.171
2005,39083,15.49,0.113
2006,39085,18.75,0.083
2007,39087,20.43,0.162
2008,39089,20.4,0.09300000000000001
2009,39091,17.7,0.105
2010,39093,17.16,0.139
2011,39095,21.8,0.18
2012,39097,24.58,0.096
2013,39099,21.99,0.184
2014,39101,40.96,0.14800000000000002
2015,39103,17.88,0.055
2016,39105,13.27,0.158
2017,39107,29.23,0.067
2018,39109,22.63,0.08800000000000001
2019,39111,20.32,0.14
2020,39113,22.16,0.153
2021,39115,15.31,0.157
2022,39117,17.36,0.085
2023,39119,21.39,0.153
2024,39121,25.0,0.142
2025,39123,19.81,0.081
2026,39125,19.89,0.098
2027,39127,17.19,0.15
2028,39129,42.33,0.115
2029,39131,17.92,0.191
2030,39133,16.94,0.11900000000000001
2031,39135,20.58,0.08900000000000001
2032,39137,29.53,0.07200000000000001
2033,39139,20.94,0.135
2034,39141,20.7,0.152
2035,39143,19.72,0.096
2036,39145,18.8,0.21899999999999997
2037,39147,20.95,0.121
2038,39149,21.69,0.091
2039,39151,18.78,0.13
2040,39153,18.42,0.142
2041,39155,17.98,0.154
2042,39157,21.03,0.11199999999999999
2043,39159,21.27,0.054000000000000006
2044,39161,18.62,0.085
2045,39163,13.45,0.187
2046,39165,22.89,0.045
2047,39167,17.92,0.11
2048,39169,17.06,0.099
2049,39171,19.74,0.09300000000000001
2050,39173,22.8,0.11199999999999999
2051,39175,23.0,0.075
2052,40001,32.59,0.23600000000000002
2053,40003,53.28,0.158
2054,40005,31.89,0.192
2055,40007,19.73,0.106
2056,40009,32.24,0.20800000000000002
2057,40011,24.05,0.149
2058,40013,29.25,0.17300000000000001
2059,40015,34.58,0.20600000000000002
2060,40017,25.58,0.081
2061,40019,26.21,0.14300000000000002
2062,40021,26.84,0.214
2063,40023,25.88,0.225
2064,40025,19.52,0.17800000000000002
2065,40027,25.25,0.11699999999999999
2066,40029,28.24,0.18100000000000002
2067,40031,25.57,0.17600000000000002
2068,40033,25.73,0.18600000000000003
2069,40035,34.15,0.182
2070,40037,21.46,0.13699999999999998
2071,40039,33.94,0.158
2072,40041,24.54,0.175
2073,40043,25.26,0.11599999999999999
2074,40045,20.68,0.13
2075,40047,30.22,0.127
2076,40049,28.81,0.156
2077,40051,24.47,0.121
2078,40053,28.0,0.11199999999999999
2079,40055,29.81,0.24100000000000002
2080,40057,27.18,0.237
2081,40059,25.75,0.111
2082,40061,23.15,0.20199999999999999
2083,40063,24.15,0.214
2084,40065,31.5,0.17300000000000001
2085,40067,24.96,0.20800000000000002
2086,40069,27.5,0.21
2087,40071,26.79,0.161
2088,40073,29.64,0.08900000000000001
2089,40075,20.98,0.21899999999999997
2090,40077,19.58,0.185
2091,40079,26.08,0.205
2092,40081,20.58,0.139
2093,40083,19.5,0.124
2094,40085,31.97,0.134
2095,40087,29.58,0.071
2096,40089,30.77,0.21899999999999997
2097,40091,23.21,0.19699999999999998
2098,40093,28.53,0.134
2099,40095,25.35,0.182
2100,40097,22.64,0.177
2101,40099,30.34,0.149
2102,40101,32.91,0.22699999999999998
2103,40103,27.53,0.12300000000000001
2104,40105,25.15,0.15
2105,40107,37.29,0.27399999999999997
2106,40109,25.25,0.149
2107,40111,23.73,0.187
2108,40113,23.57,0.149
2109,40115,29.83,0.185
2110,40117,23.84,0.152
2111,40119,27.48,0.23
2112,40121,25.12,0.19699999999999998
2113,40123,29.55,0.139
2114,40125,26.6,0.14800000000000002
2115,40127,20.73,0.239
2116,40129,24.04,0.134
2117,40131,25.46,0.10400000000000001
2118,40133,27.15,0.22
2119,40135,22.58,0.21600000000000003
2120,40137,24.2,0.14800000000000002
2121,40139,52.07,0.147
2122,40141,25.27,0.204
2123,40143,26.87,0.14300000000000002
2124,40145,21.94,0.08199999999999999
2125,40147,23.12,0.129
2126,40149,21.86,0.126
2127,40151,34.25,0.152
2128,40153,39.75,0.122
2129,41001,11.22,0.136
2130,41003,6.63,0.165
2131,41005,8.58,0.07200000000000001
2132,41007,5.19,0.12
2133,41009,6.39,0.086
2134,41011,5.89,0.156
2135,41013,8.19,0.109
2136,41015,5.0,0.134
2137,41017,8.3,0.092
2138,41019,5.67,0.11800000000000001
2139,41021,7.14,0.109
2140,41023,10.81,0.153
2141,41025,8.89,0.142
2142,41027,11.55,0.084
2143,41029,9.81,0.136
2144,41031,21.18,0.15
2145,41033,6.82,0.159
2146,41035,11.35,0.16699999999999998
2147,41037,11.5,0.17
2148,41039,6.79,0.139
2149,41041,6.81,0.146
2150,41043,7.52,0.126
2151,41045,34.35,0.21
2152,41047,14.55,0.122
2153,41049,25.31,0.127
2154,41051,10.57,0.12
2155,41053,9.04,0.094
2156,41055,7.88,0.125
2157,41057,4.34,0.12
2158,41059,27.98,0.139
2159,41061,13.87,0.136
2160,41063,5.15,0.12300000000000001
2161,41065,11.8,0.122
2162,41067,9.35,0.08199999999999999
2163,41069,4.16,0.177
2164,41071,9.33,0.106
2165,42001,17.95,0.076
2166,42003,16.68,0.10800000000000001
2167,42005,18.24,0.111
2168,42007,18.89,0.11699999999999999
2169,42009,19.11,0.10400000000000001
2170,42011,23.41,0.102
2171,42013,21.42,0.149
2172,42015,18.33,0.14300000000000002
2173,42017,19.75,0.057
2174,42019,18.1,0.078
2175,42021,22.16,0.149
2176,42023,12.68,0.14
2177,42025,18.67,0.098
2178,42027,23.24,0.159
2179,42029,16.09,0.059000000000000004
2180,42031,16.98,0.141
2181,42033,20.59,0.13699999999999998
2182,42035,18.39,0.134
2183,42037,18.94,0.147
2184,42039,18.02,0.126
2185,42041,16.42,0.07200000000000001
2186,42043,19.22,0.113
2187,42045,21.11,0.099
2188,42047,17.74,0.098
2189,42049,15.82,0.166
2190,42051,19.45,0.175
2191,42053,55.62,0.26
2192,42055,20.39,0.081
2193,42057,17.66,0.122
2194,42059,18.58,0.142
2195,42061,25.9,0.13
2196,42063,16.2,0.14
2197,42065,14.84,0.16399999999999998
2198,42067,17.92,0.10400000000000001
2199,42069,18.17,0.142
2200,42071,20.88,0.105
2201,42073,17.53,0.12300000000000001
2202,42075,23.84,0.10400000000000001
2203,42077,22.62,0.115
2204,42079,21.36,0.152
2205,42081,20.17,0.136
2206,42083,17.58,0.146
2207,42085,18.51,0.131
2208,42087,23.32,0.133
2209,42089,16.7,0.122
2210,42091,18.0,0.06
2211,42093,23.18,0.091
2212,42095,23.96,0.079
2213,42097,21.63,0.133
2214,42099,15.04,0.08900000000000001
2215,42101,22.84,0.23
2216,42103,13.71,0.092
2217,42105,13.0,0.11699999999999999
2218,42107,21.53,0.11699999999999999
2219,42109,18.71,0.10300000000000001
2220,42111,22.09,0.125
2221,42113,12.29,0.129
2222,42115,11.88,0.113
2223,42117,14.82,0.134
2224,42119,32.22,0.12
2225,42121,15.28,0.125
2226,42123,12.46,0.135
2227,42125,16.61,0.099
2228,42127,15.39,0.124
2229,42129,19.13,0.105
2230,42131,12.54,0.099
2231,42133,20.05,0.092
2232,44001,21.62,0.068
2233,44003,22.93,0.081
2234,44005,15.78,0.085
2235,44007,35.58,0.14
2236,44009,15.92,0.08
2237,45001,23.34,0.14800000000000002
2238,45003,22.13,0.125
2239,45005,29.41,0.302
2240,45007,24.45,0.129
2241,45009,29.08,0.242
2242,45011,28.35,0.249
2243,45013,21.42,0.102
2244,45015,17.84,0.107
2245,45017,22.2,0.182
2246,45019,25.88,0.11699999999999999
2247,45021,22.91,0.16
2248,45023,28.97,0.177
2249,45025,23.62,0.19899999999999998
2250,45027,25.14,0.251
2251,45029,22.42,0.21
2252,45031,29.11,0.196
2253,45033,32.66,0.268
2254,45035,23.75,0.09300000000000001
2255,45037,27.52,0.157
2256,45039,25.86,0.191
2257,45041,30.55,0.17
2258,45043,25.28,0.175
2259,45045,30.94,0.107
2260,45047,26.59,0.18
2261,45049,25.14,0.23199999999999998
2262,45051,25.29,0.127
2263,45053,19.52,0.172
2264,45055,25.74,0.138
2265,45057,23.73,0.11800000000000001
2266,45059,24.32,0.191
2267,45061,31.45,0.254
2268,45063,24.39,0.11900000000000001
2269,45065,25.52,0.18100000000000002
2270,45067,26.3,0.249
2271,45069,33.0,0.289
2272,45071,30.19,0.14
2273,45073,25.96,0.131
2274,45075,27.22,0.263
2275,45077,33.66,0.153
2276,45079,28.04,0.162
2277,45081,21.56,0.161
2278,45083,27.39,0.129
2279,45085,23.53,0.17800000000000002
2280,45087,24.22,0.19899999999999998
2281,45089,32.98,0.278
2282,45091,23.38,0.086
2283,46003,44.14,0.102
2284,46005,43.05,0.129
2285,46007,29.32,0.316
2286,46009,70.93,0.141
2287,46011,29.67,0.11900000000000001
2288,46013,35.79,0.094
2289,46015,34.14,0.126
2290,46017,61.64,0.39799999999999996
2291,46019,23.87,0.129
2292,46021,24.13,0.105
2293,46023,36.54,0.212
2294,46025,27.92,0.121
2295,46027,40.13,0.19
2296,46029,37.36,0.09699999999999999
2297,46031,29.85,0.40299999999999997
2298,46033,22.91,0.096
2299,46035,39.58,0.11699999999999999
2300,46037,29.76,0.132
2301,46039,28.22,0.087
2302,46041,58.46,0.276
2303,46043,38.87,0.11199999999999999
2304,46045,31.72,0.107
2305,46047,21.02,0.139
2306,46049,44.57,0.157
2307,46051,33.88,0.091
2308,46053,33.78,0.155
2309,46055,32.76,0.114
2310,46057,29.75,0.08900000000000001
2311,46059,27.69,0.10300000000000001
2312,46061,27.0,0.079
2313,46063,18.32,0.11900000000000001
2314,46065,34.81,0.08900000000000001
2315,46067,29.97,0.105
2316,46069,27.55,0.115
2317,46071,21.2,0.299
2318,46073,40.18,0.163
2319,46075,23.62,0.129
2320,46077,34.99,0.085
2321,46079,25.63,0.095
2322,46081,28.04,0.124
2323,46083,33.22,0.038
2324,46085,43.38,0.21100000000000002
2325,46087,35.54,0.092
2326,46089,25.7,0.195
2327,46091,16.72,0.11800000000000001
2328,46093,23.66,0.087
2329,46095,30.8,0.33299999999999996
2330,46097,32.46,0.105
2331,46099,41.77,0.087
2332,46101,23.9,0.087
2333,46102,37.39,0.401
2334,46103,29.15,0.12
2335,46105,28.45,0.145
2336,46107,43.16,0.10400000000000001
2337,46109,29.85,0.196
2338,46111,37.05,0.126
2339,46115,32.8,0.115
2340,46117,26.26,0.077
2341,46119,23.68,0.08199999999999999
2342,46121,30.19,0.434
2343,46123,33.55,0.188
2344,46125,34.04,0.10099999999999999
2345,46127,32.53,0.063
2346,46129,34.22,0.151
2347,46135,34.09,0.10099999999999999
2348,46137,29.92,0.47700000000000004
2349,47001,24.79,0.153
2350,47003,30.63,0.139
2351,47005,23.57,0.17600000000000002
2352,47007,48.76,0.273
2353,47009,25.75,0.105
2354,47011,30.92,0.145
2355,47013,22.87,0.21899999999999997
2356,47015,29.39,0.13
2357,47017,32.06,0.168
2358,47019,26.22,0.193
2359,47021,24.73,0.096
2360,47023,31.32,0.14800000000000002
2361,47025,21.07,0.19699999999999998
2362,47027,34.21,0.201
2363,47029,27.46,0.228
2364,47031,27.79,0.14400000000000002
2365,47033,35.68,0.158
2366,47035,24.82,0.133
2367,47037,35.77,0.126
2368,47039,34.74,0.16
2369,47041,32.15,0.18
2370,47043,28.89,0.10099999999999999
2371,47045,36.6,0.17300000000000001
2372,47047,29.04,0.11199999999999999
2373,47049,31.22,0.209
2374,47051,28.52,0.139
2375,47053,32.32,0.14300000000000002
2376,47055,30.7,0.134
2377,47057,24.92,0.171
2378,47059,25.77,0.159
2379,47061,30.56,0.214
2380,47063,31.0,0.14400000000000002
2381,47065,28.33,0.127
2382,47067,19.04,0.264
2383,47069,44.6,0.192
2384,47071,33.71,0.175
2385,47073,22.7,0.18100000000000002
2386,47075,40.69,0.207
2387,47077,33.22,0.158
2388,47079,23.09,0.183
2389,47081,27.23,0.163
2390,47083,31.94,0.17800000000000002
2391,47085,21.22,0.131
2392,47087,26.89,0.171
2393,47089,25.58,0.125
2394,47091,36.18,0.252
2395,47093,24.81,0.134
2396,47095,108.91,0.355
2397,47097,34.92,0.193
2398,47099,31.35,0.16699999999999998
2399,47101,29.33,0.152
2400,47103,28.54,0.128
2401,47105,25.89,0.09699999999999999
2402,47107,27.42,0.145
2403,47109,26.93,0.17
2404,47111,36.91,0.155
2405,47113,27.81,0.17600000000000002
2406,47115,23.76,0.153
2407,47117,27.82,0.131
2408,47119,31.75,0.085
2409,47121,24.95,0.161
2410,47123,27.92,0.165
2411,47125,20.71,0.12
2412,47127,34.94,0.1
2413,47129,27.45,0.22
2414,47131,37.54,0.146
2415,47133,32.44,0.171
2416,47135,31.05,0.14400000000000002
2417,47137,35.71,0.17800000000000002
2418,47139,26.58,0.153
2419,47141,36.26,0.161
2420,47143,31.3,0.154
2421,47145,26.13,0.146
2422,47147,31.78,0.105
2423,47149,30.02,0.1
2424,47151,29.59,0.22
2425,47153,24.87,0.174
2426,47155,30.71,0.129
2427,47157,26.1,0.172
2428,47159,33.28,0.153
2429,47161,21.84,0.129
2430,47163,22.88,0.151
2431,47165,28.54,0.086
2432,47167,29.53,0.105
2433,47169,100.22,0.158
2434,47171,25.42,0.158
2435,47173,21.14,0.183
2436,47175,32.55,0.155
2437,47177,31.66,0.159
2438,47179,25.52,0.158
2439,47181,53.77,0.17300000000000001
2440,47183,30.9,0.177
2441,47185,31.68,0.16
2442,47187,26.29,0.043
2443,47189,29.32,0.07400000000000001
2444,48001,38.07,0.198
2445,48003,23.85,0.102
2446,48005,24.08,0.156
2447,48007,12.0,0.187
2448,48009,20.33,0.10300000000000001
2449,48011,20.38,0.106
2450,48013,23.85,0.147
2451,48015,15.22,0.111
2452,48017,30.65,0.159
2453,48019,11.92,0.129
2454,48021,22.43,0.14
2455,48023,18.27,0.159
2456,48025,37.67,0.24
2457,48027,14.67,0.138
2458,48029,25.0,0.152
2459,48031,12.78,0.086
2460,48033,8.52,0.106
2461,48035,19.24,0.13699999999999998
2462,48037,17.98,0.168
2463,48039,23.68,0.086
2464,48041,27.39,0.2
2465,48043,25.68,0.131
2466,48045,21.04,0.15
2467,48047,28.39,0.29600000000000004
2468,48049,26.58,0.13699999999999998
2469,48051,26.66,0.138
2470,48053,20.38,0.105
2471,48055,29.37,0.14400000000000002
2472,48057,25.24,0.147
2473,48059,17.79,0.121
2474,48061,26.43,0.255
2475,48063,22.76,0.166
2476,48065,16.78,0.085
2477,48067,14.71,0.17300000000000001
2478,48069,32.42,0.153
2479,48071,25.75,0.086
2480,48073,20.93,0.165
2481,48075,56.88,0.21899999999999997
2482,48077,21.14,0.115
2483,48079,24.18,0.195
2484,48081,31.72,0.131
2485,48083,18.97,0.177
2486,48085,18.6,0.061
2487,48087,21.97,0.198
2488,48089,18.6,0.136
2489,48091,15.88,0.067
2490,48093,24.8,0.135
2491,48095,32.79,0.151
2492,48097,19.17,0.127
2493,48099,24.79,0.11800000000000001
2494,48101,30.66,0.18899999999999997
2495,48103,26.8,0.096
2496,48105,41.59,0.138
2497,48107,23.32,0.221
2498,48109,38.79,0.19699999999999998
2499,48111,29.63,0.114
2500,48113,27.59,0.14
2501,48115,38.5,0.20600000000000002
2502,48117,41.46,0.17
2503,48119,12.0,0.16
2504,48121,18.05,0.065
2505,48123,28.42,0.171
2506,48125,21.18,0.19399999999999998
2507,48127,38.62,0.253
2508,48129,28.84,0.16399999999999998
2509,48131,28.66,0.239
2510,48133,16.18,0.16699999999999998
2511,48135,25.28,0.121
2512,48137,29.91,0.207
2513,48139,27.03,0.087
2514,48141,38.76,0.188
2515,48143,24.23,0.152
2516,48145,29.36,0.21600000000000003
2517,48147,22.9,0.132
2518,48149,21.96,0.109
2519,48151,18.78,0.133
2520,48153,31.88,0.17300000000000001
2521,48155,22.46,0.17
2522,48157,18.37,0.066
2523,48159,15.51,0.14400000000000002
2524,48161,22.2,0.155
2525,48163,39.89,0.27699999999999997
2526,48165,16.72,0.132
2527,48167,26.89,0.113
2528,48169,23.45,0.242
2529,48171,19.78,0.085
2530,48173,16.39,0.079
2531,48175,14.12,0.134
2532,48177,32.68,0.162
2533,48179,26.22,0.145
2534,48181,18.77,0.11599999999999999
2535,48183,21.51,0.165
2536,48185,32.7,0.159
2537,48187,19.01,0.07400000000000001
2538,48189,51.9,0.179
2539,48191,31.57,0.254
2540,48193,20.64,0.14300000000000002
2541,48195,36.36,0.11699999999999999
2542,48197,20.5,0.192
2543,48199,21.99,0.121
2544,48201,20.27,0.15
2545,48203,16.59,0.17800000000000002
2546,48205,29.88,0.086
2547,48207,18.93,0.207
2548,48209,21.5,0.11199999999999999
2549,48211,33.69,0.091
2550,48213,16.16,0.175
2551,48215,24.08,0.26899999999999996
2552,48217,25.62,0.131
2553,48219,27.47,0.155
2554,48221,22.91,0.092
2555,48223,18.53,0.147
2556,48225,19.21,0.209
2557,48227,34.17,0.17
2558,48229,24.64,0.28
2559,48231,14.57,0.14800000000000002
2560,48233,19.86,0.114
2561,48235,16.26,0.07400000000000001
2562,48237,17.99,0.156
2563,48239,29.51,0.138
2564,48241,15.68,0.195
2565,48243,17.41,0.127
2566,48245,21.13,0.16899999999999998
2567,48247,26.31,0.228
2568,48249,25.58,0.21
2569,48251,24.26,0.11
2570,48253,47.02,0.204
2571,48255,40.27,0.21
2572,48257,26.15,0.098
2573,48259,13.49,0.07400000000000001
2574,48261,20.65,0.142
2575,48263,28.36,0.115
2576,48265,18.2,0.125
2577,48267,13.66,0.17
2578,48269,8.47,0.11
2579,48271,21.62,0.18899999999999997
2580,48273,21.46,0.233
2581,48275,17.8,0.191
2582,48277,27.64,0.184
2583,48279,40.03,0.185
2584,48281,19.58,0.124
2585,48283,42.23,0.266
2586,48285,31.37,0.11
2587,48287,25.35,0.107
2588,48289,19.44,0.14400000000000002
2589,48291,20.78,0.14400000000000002
2590,48293,26.56,0.192
2591,48295,22.54,0.124
2592,48297,24.76,0.165
2593,48299,14.54,0.10800000000000001
2594,48301,1.81,0.071
2595,48303,41.07,0.179
2596,48305,25.32,0.16
2597,48307,17.38,0.17600000000000002
2598,48309,26.37,0.18
2599,48311,26.12,0.105
2600,48313,40.22,0.17800000000000002
2601,48315,13.01,0.214
2602,48317,24.83,0.121
2603,48319,21.46,0.11699999999999999
2604,48321,23.73,0.175
2605,48323,44.47,0.26899999999999996
2606,48325,22.15,0.122
2607,48327,23.38,0.207
2608,48329,22.84,0.099
2609,48331,22.34,0.163
2610,48333,26.95,0.132
2611,48335,21.27,0.195
2612,48337,22.65,0.129
2613,48339,18.72,0.08900000000000001
2614,48341,36.05,0.11900000000000001
2615,48343,15.92,0.18100000000000002
2616,48345,18.18,0.17600000000000002
2617,48347,18.63,0.209
2618,48349,28.28,0.134
2619,48351,11.16,0.228
2620,48353,25.02,0.175
2621,48355,29.64,0.165
2622,48357,26.88,0.114
2623,48359,28.43,0.131
2624,48361,22.76,0.125
2625,48363,22.34,0.172
2626,48365,16.75,0.14300000000000002
2627,48367,23.28,0.08199999999999999
2628,48369,35.0,0.11800000000000001
2629,48371,28.41,0.187
2630,48373,16.8,0.16699999999999998
2631,48375,42.47,0.203
2632,48377,26.97,0.192
2633,48379,13.92,0.134
2634,48381,30.29,0.09
2635,48383,24.41,0.08900000000000001
2636,48385,22.7,0.177
2637,48387,13.87,0.196
2638,48389,31.67,0.221
2639,48391,25.03,0.18
2640,48393,16.37,0.07400000000000001
2641,48395,25.69,0.207
2642,48397,23.16,0.048
2643,48399,28.69,0.172
2644,48401,18.58,0.154
2645,48403,11.2,0.17600000000000002
2646,48405,19.33,0.225
2647,48407,8.83,0.168
2648,48409,15.8,0.14400000000000002
2649,48411,31.07,0.207
2650,48413,20.57,0.15
2651,48415,42.32,0.147
2652,48417,16.96,0.127
2653,48419,16.49,0.214
2654,48421,16.91,0.111
2655,48423,20.62,0.129
2656,48425,25.81,0.094
2657,48427,36.71,0.325
2658,48429,20.27,0.17
2659,48431,18.89,0.107
2660,48433,24.3,0.151
2661,48435,29.3,0.131
2662,48437,27.45,0.20600000000000002
2663,48439,27.79,0.102
2664,48441,27.62,0.14
2665,48443,20.8,0.175
2666,48445,35.61,0.21600000000000003
2667,48447,10.71,0.139
2668,48449,30.9,0.163
2669,48451,35.24,0.129
2670,48453,16.27,0.10800000000000001
2671,48455,11.57,0.179
2672,48457,14.37,0.172
2673,48459,16.64,0.149
2674,48461,21.69,0.138
2675,48463,30.26,0.198
2676,48465,39.42,0.20800000000000002
2677,48467,16.75,0.136
2678,48469,25.45,0.14300000000000002
2679,48471,42.45,0.214
2680,48473,17.0,0.132
2681,48475,21.61,0.124
2682,48477,24.63,0.106
2683,48479,38.62,0.209
2684,48481,23.55,0.16399999999999998
2685,48483,23.42,0.11599999999999999
2686,48485,28.58,0.139
2687,48487,33.69,0.149
2688,48489,38.67,0.305
2689,48491,16.79,0.054000000000000006
2690,48493,18.65,0.083
2691,48495,21.67,0.125
2692,48497,21.91,0.083
2693,48499,16.83,0.14300000000000002
2694,48501,25.44,0.106
2695,48503,27.27,0.136
2696,48505,27.34,0.301
2697,48507,36.09,0.29600000000000004
2698,49001,22.53,0.08900000000000001
2699,49003,21.03,0.075
2700,49005,29.79,0.131
2701,49007,17.52,0.16399999999999998
2702,49009,8.67,0.067
2703,49011,23.8,0.055
2704,49013,13.91,0.142
2705,49015,18.79,0.109
2706,49017,21.2,0.094
2707,49019,18.3,0.122
2708,49021,22.55,0.131
2709,49023,23.1,0.09
2710,49025,17.26,0.094
2711,49027,24.04,0.11800000000000001
2712,49029,22.21,0.04
2713,49031,15.55,0.157
2714,49033,12.23,0.09300000000000001
2715,49035,30.92,0.09
2716,49037,33.96,0.21899999999999997
2717,49039,27.63,0.131
2718,49041,21.36,0.121
2719,49043,30.03,0.047
2720,49045,21.74,0.053
2721,49047,14.44,0.111
2722,49049,35.57,0.09699999999999999
2723,49051,31.58,0.05
2724,49053,27.51,0.095
2725,49055,9.69,0.11800000000000001
2726,49057,25.3,0.069
2727,50001,5.59,0.079
2728,50003,9.94,0.1
2729,50005,5.19,0.12300000000000001
2730,50007,8.96,0.105
2731,50009,7.24,0.14800000000000002
2732,50011,6.81,0.096
2733,50013,4.86,0.081
2734,50015,5.76,0.091
2735,50017,4.7,0.094
2736,50019,6.75,0.127
2737,50021,6.22,0.10800000000000001
2738,50023,6.25,0.084
2739,50025,6.0,0.11599999999999999
2740,50027,4.62,0.092
2741,51001,24.33,0.16399999999999998
2742,51003,11.9,0.067
2743,51005,18.46,0.115
2744,51007,13.75,0.09300000000000001
2745,51009,19.82,0.12
2746,51011,20.32,0.126
2747,51013,15.28,0.076
2748,51015,16.24,0.073
2749,51017,13.06,0.099
2750,51019,16.67,0.086
2751,51021,25.22,0.134
2752,51023,15.56,0.057
2753,51025,21.12,0.209
2754,51027,14.88,0.217
2755,51029,36.59,0.168
2756,51031,16.56,0.10800000000000001
2757,51033,16.01,0.096
2758,51035,18.99,0.139
2759,51036,14.5,0.125
2760,51037,14.95,0.193
2761,51041,17.08,0.066
2762,51043,12.82,0.063
2763,51045,11.77,0.11199999999999999
2764,51047,21.72,0.092
2765,51049,10.27,0.138
2766,51051,14.42,0.242
2767,51053,15.71,0.107
2768,51057,15.02,0.162
2769,51059,15.81,0.06
2770,51061,14.19,0.061
2771,51063,11.96,0.114
2772,51065,14.14,0.073
2773,51067,15.48,0.115
2774,51069,18.1,0.065
2775,51071,14.63,0.114
2776,51073,11.49,0.086
2777,51075,13.21,0.062
2778,51077,21.04,0.188
2779,51079,13.1,0.076
2780,51081,53.92,0.245
2781,51083,16.79,0.171
2782,51085,15.56,0.051
2783,51087,16.71,0.087
2784,51089,20.65,0.146
2785,51091,9.58,0.124
2786,51093,18.14,0.091
2787,51095,12.6,0.057999999999999996
2788,51097,11.33,0.11699999999999999
2789,51099,12.78,0.059000000000000004
2790,51101,13.33,0.069
2791,51103,14.47,0.133
2792,51105,23.7,0.271
2793,51107,14.83,0.031
2794,51109,10.8,0.095
2795,51111,13.78,0.192
2796,51113,9.79,0.09300000000000001
2797,51115,13.84,0.08800000000000001
2798,51117,18.16,0.17300000000000001
2799,51119,11.58,0.138
2800,51121,22.01,0.205
2801,51125,11.73,0.11800000000000001
2802,51127,13.15,0.05
2803,51131,18.39,0.18100000000000002
2804,51133,13.44,0.127
2805,51135,31.61,0.215
2806,51137,12.15,0.09699999999999999
2807,51139,19.18,0.113
2808,51141,16.91,0.155
2809,51143,19.34,0.151
2810,51145,13.11,0.054000000000000006
2811,51147,26.31,0.20600000000000002
2812,51149,22.32,0.083
2813,51153,22.63,0.061
2814,51155,16.04,0.146
2815,51157,9.84,0.085
2816,51159,47.92,0.17800000000000002
2817,51161,18.72,0.065
2818,51163,13.09,0.115
2819,51165,18.91,0.081
2820,51167,18.33,0.2
2821,51169,18.72,0.14800000000000002
2822,51171,21.93,0.10300000000000001
2823,51173,20.88,0.165
2824,51175,30.07,0.133
2825,51177,15.66,0.066
2826,51179,15.62,0.054000000000000006
2827,51181,14.67,0.11900000000000001
2828,51183,35.45,0.21600000000000003
2829,51185,19.09,0.217
2830,51187,15.28,0.09699999999999999
2831,51191,19.71,0.12300000000000001
2832,51193,15.8,0.159
2833,51195,19.68,0.204
2834,51197,17.64,0.128
2835,51199,10.83,0.051
2836,51510,18.4,0.086
2837,51520,18.56,0.218
2838,51530,31.34,0.172
2839,51540,20.11,0.221
2840,51550,18.39,0.083
2841,51570,19.45,0.094
2842,51580,22.83,0.145
2843,51590,25.11,0.235
2844,51595,33.61,0.205
2845,51600,5.38,0.071
2846,51610,6.04,0.035
2847,51620,33.9,0.192
2848,51630,17.52,0.16899999999999998
2849,51640,48.31,0.19
2850,51650,16.15,0.138
2851,51660,35.91,0.249
2852,51670,22.9,0.193
2853,51678,50.67,0.22899999999999998
2854,51680,23.02,0.168
2855,51683,29.05,0.07400000000000001
2856,51685,20.2,0.063
2857,51690,30.15,0.195
2858,51700,16.7,0.151
2859,51710,18.71,0.19
2860,51720,14.74,0.193
2861,51730,25.46,0.21600000000000003
2862,51735,13.43,0.053
2863,51740,21.89,0.185
2864,51750,33.91,0.305
2865,51760,17.7,0.192
2866,51770,19.53,0.195
2867,51775,19.54,0.094
2868,51790,22.43,0.113
2869,51800,19.02,0.098
2870,51810,17.06,0.073
2871,51820,21.65,0.12300000000000001
2872,51830,14.97,0.182
2873,51840,23.27,0.133
2874,53001,27.49,0.168
2875,53003,13.66,0.138
2876,53005,20.24,0.106
2877,53007,21.79,0.122
2878,53009,3.48,0.11199999999999999
2879,53011,10.13,0.092
2880,53013,6.73,0.12300000000000001
2881,53015,10.23,0.126
2882,53017,20.99,0.109
2883,53019,8.09,0.18
2884,53021,34.15,0.135
2885,53023,12.2,0.129
2886,53025,24.88,0.139
2887,53027,11.22,0.131
2888,53029,4.54,0.073
2889,53031,2.81,0.126
2890,53033,10.58,0.077
2891,53035,5.96,0.075
2892,53037,13.75,0.14
2893,53039,7.76,0.135
2894,53041,11.43,0.122
2895,53043,9.08,0.091
2896,53045,8.86,0.128
2897,53047,15.27,0.16399999999999998
2898,53049,8.14,0.135
2899,53051,11.26,0.161
2900,53053,12.1,0.094
2901,53055,2.04,0.081
2902,53057,9.57,0.11199999999999999
2903,53059,5.84,0.10400000000000001
2904,53061,10.47,0.07
2905,53063,18.37,0.129
2906,53065,9.16,0.149
2907,53067,6.65,0.091
2908,53069,5.12,0.10800000000000001
2909,53071,20.73,0.127
2910,53073,7.91,0.127
2911,53075,22.08,0.263
2912,53077,32.7,0.16699999999999998
2913,54001,18.27,0.184
2914,54003,20.36,0.11
2915,54005,18.82,0.18899999999999997
2916,54007,12.67,0.183
2917,54009,21.05,0.12
2918,54011,20.42,0.185
2919,54013,8.41,0.21600000000000003
2920,54015,11.26,0.225
2921,54017,14.87,0.188
2922,54019,17.02,0.20600000000000002
2923,54021,26.11,0.255
2924,54023,23.0,0.132
2925,54025,15.84,0.172
2926,54027,15.46,0.146
2927,54029,20.07,0.125
2928,54031,21.57,0.142
2929,54033,16.96,0.111
2930,54035,15.46,0.16699999999999998
2931,54037,16.29,0.099
2932,54039,17.77,0.163
2933,54041,14.49,0.195
2934,54043,14.68,0.19699999999999998
2935,54045,21.14,0.21899999999999997
2936,54047,18.03,0.33799999999999997
2937,54049,15.37,0.146
2938,54051,23.35,0.13699999999999998
2939,54053,15.23,0.155
2940,54055,17.0,0.187
2941,54057,23.26,0.125
2942,54059,23.0,0.273
2943,54061,20.06,0.191
2944,54063,17.64,0.157
2945,54065,12.75,0.105
2946,54067,12.55,0.188
2947,54069,22.13,0.141
2948,54071,19.77,0.135
2949,54073,25.49,0.13
2950,54075,17.11,0.161
2951,54077,18.22,0.14300000000000002
2952,54079,18.6,0.08900000000000001
2953,54081,17.39,0.174
2954,54083,20.74,0.168
2955,54085,14.43,0.179
2956,54087,8.97,0.19399999999999998
2957,54089,14.02,0.235
2958,54091,15.54,0.16699999999999998
2959,54093,16.42,0.153
2960,54095,16.06,0.154
2961,54097,16.2,0.175
2962,54099,16.22,0.196
2963,54101,10.29,0.218
2964,54103,17.25,0.163
2965,54105,14.0,0.175
2966,54107,19.26,0.141
2967,54109,19.8,0.22899999999999998
2968,55001,22.54,0.11599999999999999
2969,55003,20.05,0.17800000000000002
2970,55005,29.88,0.08900000000000001
2971,55007,18.66,0.10300000000000001
2972,55009,34.18,0.099
2973,55011,24.36,0.095
2974,55013,21.47,0.126
2975,55015,30.72,0.054000000000000006
2976,55017,27.9,0.08800000000000001
2977,55019,25.24,0.135
2978,55021,23.85,0.067
2979,55023,27.06,0.11599999999999999
2980,55025,20.33,0.094
2981,55027,37.9,0.08
2982,55029,23.72,0.09300000000000001
2983,55031,24.65,0.115
2984,55033,26.58,0.11699999999999999
2985,55035,27.96,0.106
2986,55037,28.21,0.109
2987,55039,32.41,0.073
2988,55041,29.46,0.163
2989,55043,28.82,0.134
2990,55045,21.5,0.064
2991,55047,26.31,0.11699999999999999
2992,55049,20.56,0.095
2993,55051,29.51,0.127
2994,55053,32.34,0.124
2995,55055,26.93,0.071
2996,55057,29.54,0.134
2997,55059,26.63,0.098
2998,55061,32.04,0.07400000000000001
2999,55063,28.5,0.11800000000000001
3000,55065,24.54,0.113
3001,55067,28.01,0.13
3002,55069,27.52,0.091
3003,55071,26.24,0.08800000000000001
3004,55073,27.78,0.08199999999999999
3005,55075,28.52,0.115
3006,55077,24.85,0.1
3007,55078,43.32,0.253
3008,55079,31.27,0.16899999999999998
3009,55081,23.28,0.109
3010,55083,32.06,0.09300000000000001
3011,55085,24.77,0.08900000000000001
3012,55087,29.96,0.071
3013,55089,24.4,0.045
3014,55091,27.37,0.09
3015,55093,27.0,0.098
3016,55095,22.14,0.086
3017,55097,25.94,0.11800000000000001
3018,55099,22.75,0.149
3019,55101,31.94,0.124
3020,55103,19.12,0.125
3021,55105,25.47,0.12300000000000001
3022,55107,22.39,0.12300000000000001
3023,55109,22.61,0.059000000000000004
3024,55111,22.25,0.102
3025,55113,23.56,0.127
3026,55115,32.32,0.096
3027,55117,30.58,0.081
3028,55119,24.25,0.09699999999999999
3029,55121,29.97,0.08900000000000001
3030,55123,14.92,0.141
3031,55125,24.06,0.11199999999999999
3032,55127,29.19,0.095
3033,55129,21.08,0.128
3034,55131,28.5,0.051
3035,55133,27.97,0.047
3036,55135,29.73,0.08800000000000001
3037,55137,26.31,0.124
3038,55139,31.0,0.09699999999999999
3039,55141,23.8,0.107
3040,56001,27.46,0.16
3041,56003,21.37,0.121
3042,56005,24.68,0.077
3043,56007,24.23,0.11699999999999999
3044,56009,17.2,0.092
3045,56011,13.67,0.08
3046,56013,32.01,0.129
3047,56015,22.65,0.13
3048,56017,18.7,0.109
3049,56019,18.71,0.09
3050,56021,21.38,0.095
3051,56023,15.46,0.07
3052,56025,23.34,0.099
3053,56027,17.12,0.151
3054,56029,21.6,0.10300000000000001
3055,56031,16.74,0.115
3056,56033,24.55,0.085
3057,56035,17.64,0.07200000000000001
3058,56037,22.02,0.083
3059,56039,35.02,0.06
3060,56041,25.31,0.085
3061,56043,27.61,0.111
3062,56045,22.24,0.105
